area,bedrooms,bathrooms,stories,parking,year_built,mainroad,guestroom,basement,hotwaterheating,airconditioning,furnishingstatus,location_type,price
1360,2,1,3,2,2017,yes,yes,yes,yes,yes,furnished,Urban,16083681.92201304
4272,3,3,3,2,2021,yes,yes,yes,yes,no,unfurnished,Rural,15126077.22465816
3592,1,2,3,1,1994,no,no,no,no,no,unfurnished,Urban,23635471.45825571
966,1,2,1,1,1999,no,yes,no,no,no,unfurnished,Rural,5224504.944267081
4926,2,1,3,0,2013,yes,yes,yes,yes,yes,furnished,Urban,33398555.10229788
3944,5,3,3,2,2012,yes,yes,no,no,yes,unfurnished,Urban,29511466.483176365
3671,1,2,3,3,2006,no,yes,no,no,yes,semi-furnished,Rural,13267866.864734182
3419,1,1,2,1,1990,no,yes,no,yes,yes,furnished,Urban,24070019.333818927
630,3,3,3,3,2020,no,no,yes,yes,no,unfurnished,Rural,7656818.658127632
2185,4,2,1,3,2020,yes,yes,no,yes,yes,furnished,Rural,10840732.133374767
1269,2,2,2,1,2023,yes,no,yes,yes,yes,semi-furnished,Rural,8085831.140586775
2891,2,3,1,1,1998,yes,yes,yes,no,no,furnished,Urban,21885189.40928125
2933,5,3,3,1,2011,yes,yes,yes,yes,no,unfurnished,Urban,23616285.471958667
1684,5,3,2,1,2002,yes,yes,yes,no,yes,semi-furnished,Urban,17980907.656298835
3885,2,3,1,2,2014,no,yes,yes,yes,no,semi-furnished,Urban,26203015.002453208
4617,5,1,3,2,2007,yes,yes,no,no,no,unfurnished,Rural,15004228.839856198
3404,3,3,1,2,2001,no,yes,yes,yes,yes,unfurnished,Urban,24721700.462743055
974,2,2,1,2,2006,no,yes,yes,yes,yes,unfurnished,Urban,11906786.065550944
1582,5,2,1,0,2004,yes,yes,yes,no,yes,furnished,Rural,9209133.014469124
3058,2,1,3,2,2004,no,no,no,no,yes,furnished,Rural,11699660.132855035
2547,4,2,3,1,2004,yes,yes,no,no,no,furnished,Urban,21153265.32406228
3247,1,2,1,3,2002,no,no,no,yes,no,unfurnished,Rural,10241979.502906414
1475,2,3,2,2,2006,yes,yes,no,no,yes,unfurnished,Rural,8424011.260518499
2306,1,2,2,0,2021,yes,no,no,no,yes,furnished,Rural,9249748.277037432
689,5,1,3,1,1998,no,yes,no,no,no,semi-furnished,Rural,7135042.949335081
3234,1,3,3,3,2009,yes,yes,no,no,yes,furnished,Rural,13309022.947070964
3505,2,3,3,3,2015,no,yes,yes,no,yes,semi-furnished,Urban,26655853.15223676
2399,4,1,3,2,2016,yes,no,yes,no,yes,unfurnished,Urban,20610905.982248873
1767,5,3,3,3,2010,yes,no,no,no,yes,unfurnished,Urban,18567860.0550648
2028,2,3,2,2,2007,yes,no,yes,no,no,furnished,Urban,18233036.56466662
3702,5,1,3,2,2002,no,no,yes,no,yes,furnished,Urban,27585626.535115127
4056,3,3,1,1,2005,no,yes,no,yes,no,unfurnished,Urban,26223421.869672682
4390,1,1,1,1,1998,yes,yes,yes,yes,yes,furnished,Urban,29521794.25996942
1146,3,1,2,0,2001,no,yes,yes,no,yes,unfurnished,Rural,6873478.369929478
3388,2,2,1,1,2008,yes,no,no,yes,no,unfurnished,Urban,22732374.996492483
2935,4,2,2,1,1996,no,yes,yes,yes,yes,semi-furnished,Urban,22957700.958454877
1100,5,3,2,2,2007,no,no,no,no,no,furnished,Urban,13283666.071704552
2863,1,3,1,1,2005,yes,no,no,no,yes,unfurnished,Rural,9708846.872830717
2561,5,1,3,2,1993,yes,no,yes,no,yes,furnished,Urban,22501441.005870976
741,2,3,1,2,2014,yes,no,yes,no,yes,semi-furnished,Urban,11854666.725080388
2541,5,1,1,1,2021,yes,no,yes,no,yes,semi-furnished,Rural,10425056.828381684
3324,1,1,2,0,2002,yes,yes,no,no,yes,furnished,Urban,23934913.555230048
3112,2,3,1,0,2006,no,no,no,yes,no,furnished,Urban,21403212.457607087
1863,5,1,2,3,1995,no,no,no,no,no,unfurnished,Rural,8674273.068457585
1978,4,2,3,3,2008,yes,yes,yes,yes,yes,semi-furnished,Urban,20220658.700094577
3056,2,3,3,1,2002,yes,no,yes,no,yes,semi-furnished,Rural,12431273.473792411
1275,2,2,3,0,2015,yes,no,no,no,no,semi-furnished,Urban,13260785.494472332
4514,4,3,1,2,2003,no,yes,yes,yes,no,furnished,Urban,30407670.218543958
534,3,1,2,3,2020,yes,yes,yes,no,yes,unfurnished,Urban,10966805.747662276
3652,1,3,3,2,1993,yes,yes,no,no,yes,furnished,Rural,13941703.106361557
2455,3,2,2,3,1997,no,no,no,yes,no,furnished,Rural,10721888.058229744
2085,5,1,2,1,2014,no,yes,yes,no,yes,furnished,Rural,10420202.600460839
4443,4,3,3,0,2002,no,yes,no,yes,no,unfurnished,Urban,29343333.803580966
3573,3,3,3,3,2021,no,yes,yes,no,yes,furnished,Urban,27671066.36413728
1521,2,3,2,0,2017,yes,no,no,no,no,semi-furnished,Rural,7712361.906838388
3961,5,2,3,2,2019,no,yes,no,yes,no,semi-furnished,Rural,14510595.338400148
3113,5,2,2,1,1992,no,no,no,no,yes,semi-furnished,Urban,23222365.74918836
4343,3,3,2,0,2017,yes,no,yes,yes,no,unfurnished,Urban,28924564.413006812
2000,3,1,3,1,1992,yes,yes,yes,yes,yes,furnished,Urban,19491043.590506174
661,4,1,1,0,2023,yes,no,no,yes,yes,unfurnished,Urban,10026564.990653185
4797,1,2,3,2,2005,no,no,no,no,yes,furnished,Rural,15320970.09941047
2481,3,1,1,2,2011,yes,yes,no,no,yes,semi-furnished,Urban,19966139.93179853
1495,3,2,2,1,2021,no,no,yes,yes,no,furnished,Urban,14598627.869969191
3842,2,3,2,2,1997,no,yes,no,no,yes,furnished,Urban,27370951.514641993
4298,5,2,1,3,1997,no,no,no,no,yes,furnished,Urban,29502771.7524051
1775,1,2,2,0,1995,yes,no,no,no,yes,unfurnished,Urban,15428917.344011087
1516,2,3,1,2,2003,no,yes,no,yes,yes,furnished,Urban,15324763.684745116
837,4,1,1,3,2021,yes,yes,yes,no,no,furnished,Urban,12117965.405975567
1378,4,2,2,1,1999,yes,no,yes,yes,yes,furnished,Rural,9295917.402567456
1576,3,2,1,3,1992,yes,no,no,no,no,unfurnished,Rural,7560778.603085774
4493,3,3,3,1,2001,no,yes,yes,no,no,unfurnished,Rural,14822565.401157841
879,4,1,3,1,2020,no,no,yes,yes,no,unfurnished,Urban,11284329.851196336
992,3,2,2,0,2018,no,no,yes,no,yes,furnished,Rural,7463189.489308021
2562,1,3,2,0,1994,yes,no,no,yes,yes,semi-furnished,Urban,20440174.050515078
4384,3,2,1,3,2014,no,no,yes,no,yes,semi-furnished,Urban,29422466.24183498
564,5,3,1,0,2020,no,yes,yes,yes,yes,semi-furnished,Urban,10930433.174162496
3068,3,1,1,0,2010,no,yes,yes,no,no,furnished,Urban,21268409.20016702
2527,2,1,1,0,2009,no,yes,no,no,no,semi-furnished,Rural,8319198.991919952
3195,1,1,3,3,2011,no,yes,no,no,yes,semi-furnished,Urban,23640270.12131326
1995,2,1,3,2,1993,yes,yes,yes,yes,yes,semi-furnished,Urban,18896024.729145635
891,2,2,2,0,2002,yes,yes,yes,yes,yes,furnished,Rural,7630072.184698205
4974,5,2,1,0,2009,yes,no,no,yes,yes,semi-furnished,Rural,15112621.468716854
4061,1,1,1,3,2002,yes,yes,no,no,yes,semi-furnished,Rural,12651500.238055224
2778,1,1,2,2,2006,no,no,yes,yes,yes,furnished,Urban,21417019.554884072
3599,1,1,1,0,2022,yes,no,yes,yes,yes,unfurnished,Rural,10701417.522182656
700,1,2,1,1,1990,no,no,no,yes,no,semi-furnished,Urban,8685021.464822955
3604,1,1,1,3,2004,yes,yes,no,yes,no,unfurnished,Urban,23927126.06086683
2954,5,1,1,0,2002,yes,no,yes,yes,no,semi-furnished,Rural,10537324.25134014
4145,3,1,1,0,2006,yes,yes,no,yes,no,furnished,Rural,12734776.276870849
1304,2,3,2,1,2013,no,no,yes,yes,yes,unfurnished,Rural,7820981.608719275
3231,1,1,1,1,1997,no,no,yes,yes,yes,unfurnished,Urban,21845131.619649526
3273,3,3,2,3,2016,yes,yes,yes,yes,yes,unfurnished,Urban,25823360.454182357
2070,3,3,1,3,2012,no,no,no,yes,yes,unfurnished,Urban,17675058.563224435
3190,2,1,3,1,1997,yes,no,yes,no,yes,semi-furnished,Urban,24150554.761015978
4340,5,3,3,3,1997,yes,no,yes,no,no,semi-furnished,Urban,31177544.626558535
1528,4,1,3,1,2015,yes,no,no,yes,yes,unfurnished,Urban,15850111.293729598
1002,4,2,3,0,2002,no,yes,no,no,no,semi-furnished,Rural,7532862.418618777
4993,3,2,2,1,2017,yes,no,yes,no,yes,unfurnished,Urban,32831955.28315069
1370,2,2,2,1,2014,yes,no,yes,yes,no,unfurnished,Rural,7458586.801400603
4988,4,2,1,2,2005,yes,yes,no,yes,yes,furnished,Rural,16129921.537209935
706,3,3,3,1,1991,no,no,no,yes,no,unfurnished,Rural,6800876.093335007
1984,5,1,2,1,2007,yes,no,no,no,yes,semi-furnished,Rural,9371406.142507033
1363,4,1,1,2,2006,no,no,yes,yes,yes,unfurnished,Rural,7550188.941700139
3290,3,1,1,3,2019,yes,no,yes,no,yes,furnished,Urban,24777566.71080449
1063,3,2,2,2,2002,no,yes,yes,yes,yes,semi-furnished,Urban,13658922.678649923
4691,1,2,3,0,2021,yes,no,no,no,no,furnished,Urban,30404281.2522009
2257,5,1,1,2,2018,yes,yes,yes,no,yes,furnished,Urban,20158553.874880735
2178,1,2,3,0,2019,no,no,no,yes,no,unfurnished,Rural,8431406.065397518
3742,2,1,3,3,2007,no,no,yes,yes,yes,furnished,Rural,13938804.391741866
1559,1,1,3,2,2002,yes,no,no,no,no,furnished,Rural,8128079.303932109
2222,1,1,1,2,2010,no,yes,yes,no,yes,semi-furnished,Urban,17447276.052935116
3814,4,1,3,3,2019,yes,no,yes,yes,yes,furnished,Urban,29129772.635587648
3657,3,1,1,0,2010,yes,no,no,yes,no,unfurnished,Urban,23607305.349777624
3125,5,1,3,2,2006,yes,yes,no,no,yes,unfurnished,Urban,24603325.456335295
3229,1,1,1,0,2008,no,yes,yes,yes,yes,unfurnished,Rural,10094970.474430824
2097,5,2,3,2,2004,yes,yes,no,no,no,furnished,Rural,11173715.581009688
3560,1,1,2,1,1998,no,yes,no,yes,yes,semi-furnished,Urban,24430821.105240736
3193,2,1,3,2,1999,yes,no,yes,yes,no,unfurnished,Urban,23286256.662335686
4127,1,2,3,3,2020,no,no,no,yes,yes,furnished,Rural,14398911.28185301
1863,4,2,1,3,2012,no,no,yes,no,no,unfurnished,Rural,8625251.11131852
2481,3,2,1,0,2019,yes,no,yes,yes,no,unfurnished,Rural,9013008.061372925
2163,2,1,3,2,2022,no,yes,no,no,no,semi-furnished,Rural,9458706.400108555
2029,1,3,2,0,1998,yes,no,no,yes,no,unfurnished,Urban,16309238.952410031
2538,5,3,2,0,1990,yes,no,yes,no,yes,semi-furnished,Rural,11371168.523190167
3802,2,2,1,1,2000,yes,no,yes,no,yes,furnished,Rural,12697010.054049462
2737,2,3,2,1,2023,yes,no,yes,yes,no,unfurnished,Rural,10580078.950026968
1806,1,2,3,3,2005,yes,yes,yes,no,yes,furnished,Rural,10595127.754055701
4529,2,1,1,0,1998,no,no,yes,no,yes,furnished,Urban,28932951.970857203
3175,5,3,3,3,2021,yes,no,yes,no,yes,furnished,Urban,26835896.357098725
1782,2,1,1,2,2004,no,no,no,no,no,unfurnished,Urban,13633999.849716753
1209,5,3,1,0,2001,no,yes,no,yes,yes,semi-furnished,Urban,13815920.127301829
4913,1,1,1,0,2022,yes,yes,no,yes,yes,unfurnished,Urban,30648078.21075926
4248,3,3,1,2,2003,no,no,yes,yes,no,furnished,Urban,28474806.812098477
1163,2,1,2,2,1997,yes,no,no,no,yes,semi-furnished,Rural,7123036.598869983
2498,3,1,3,3,1997,no,no,yes,no,no,furnished,Rural,11046530.34894184
3945,5,3,3,3,2016,no,yes,yes,yes,no,semi-furnished,Rural,15535507.820748976
4243,2,1,3,2,2001,no,no,no,yes,no,unfurnished,Rural,13115118.847297637
1995,4,1,1,3,1990,yes,no,yes,no,yes,semi-furnished,Urban,18200813.245814
3804,3,1,2,2,2000,no,no,yes,yes,yes,unfurnished,Rural,12643251.130568255
4263,2,3,3,0,2020,yes,yes,yes,yes,no,furnished,Urban,29926018.3774419
2353,3,3,2,0,2006,no,no,yes,no,no,semi-furnished,Rural,9831163.011326276
1791,2,1,1,1,2022,no,no,yes,yes,no,furnished,Rural,7880266.7215131195
4081,1,1,3,0,2021,no,yes,yes,no,no,semi-furnished,Rural,12798440.931882981
3957,3,3,2,2,2018,no,yes,no,yes,no,unfurnished,Urban,26714627.76539644
2136,4,3,1,3,2010,yes,no,yes,no,no,semi-furnished,Rural,10170242.821029766
4196,4,1,2,1,2010,yes,yes,yes,no,yes,semi-furnished,Urban,29454458.759056795
3499,5,1,3,3,2012,no,no,yes,no,no,unfurnished,Urban,25047127.079604626
3652,2,1,3,2,1995,no,yes,yes,no,no,unfurnished,Rural,12427158.104893941
1198,3,2,1,0,2011,yes,yes,no,no,no,unfurnished,Urban,11820928.367373485
2660,5,3,1,1,1997,yes,no,no,yes,yes,semi-furnished,Urban,21811044.88280407
4597,3,2,1,2,2000,yes,no,yes,yes,yes,furnished,Rural,15036448.764527114
1354,2,3,2,1,2013,yes,no,yes,yes,yes,semi-furnished,Rural,8559771.603378542
3974,4,3,2,1,2010,no,yes,yes,no,yes,semi-furnished,Rural,14315404.498230718
2207,1,3,2,0,1991,no,no,no,yes,no,furnished,Rural,9116243.661782986
3277,4,3,1,2,2008,yes,no,no,no,yes,unfurnished,Rural,11772724.278879564
2233,5,3,3,3,2017,yes,no,no,no,no,semi-furnished,Rural,11445552.905537937
4010,1,3,3,1,2006,yes,no,no,yes,no,furnished,Urban,27931740.869185314
702,5,3,2,1,1995,yes,no,yes,no,no,unfurnished,Rural,7178837.817234916
3755,2,2,2,3,2008,yes,yes,no,yes,no,unfurnished,Rural,12762375.681854382
4718,1,1,3,2,2017,yes,no,no,no,no,semi-furnished,Urban,30247352.824820016
4996,5,1,3,1,1991,no,no,yes,no,no,unfurnished,Rural,15376566.12951626
1266,2,2,2,1,1993,no,yes,yes,yes,yes,unfurnished,Urban,13707249.239769118
4889,4,2,2,1,2011,no,no,no,no,yes,furnished,Rural,15503861.502513869
2827,2,2,3,2,2015,yes,no,no,yes,yes,furnished,Rural,12117342.362028357
3431,3,2,1,2,2002,yes,no,no,no,yes,unfurnished,Urban,24253287.557024453
697,2,3,2,3,2021,yes,no,no,yes,yes,furnished,Rural,7831887.538426544
2430,2,1,3,2,2006,no,no,yes,no,no,unfurnished,Urban,18475702.407034323
4082,3,3,3,2,2008,yes,yes,yes,yes,yes,semi-furnished,Rural,15641531.529662883
1108,5,1,3,0,2017,yes,yes,no,yes,yes,furnished,Rural,8758938.189157763
3772,5,1,3,3,1990,no,yes,no,no,yes,unfurnished,Urban,27240611.910864674
1647,2,2,1,1,2007,yes,no,no,yes,no,unfurnished,Rural,7014073.20709335
4782,3,3,3,2,2022,no,yes,no,no,no,furnished,Rural,16091375.080145614
3897,3,2,2,1,2001,no,no,no,no,no,furnished,Urban,26011084.56297905
3011,4,3,1,1,1997,yes,no,yes,yes,yes,semi-furnished,Rural,11788215.767548189
2294,5,1,3,0,2013,no,no,yes,yes,yes,unfurnished,Urban,19294611.973223243
1159,1,2,1,2,2005,yes,yes,yes,yes,yes,semi-furnished,Rural,7468245.751605608
3311,5,2,2,3,1993,no,yes,no,yes,yes,semi-furnished,Urban,25332620.140474178
1869,5,1,3,2,2016,yes,yes,no,yes,yes,semi-furnished,Rural,10570594.197396848
2486,4,1,2,1,1998,no,no,yes,no,no,furnished,Urban,19252362.60777461
646,1,1,3,3,2005,yes,yes,yes,yes,yes,semi-furnished,Urban,12229600.939782415
3719,4,2,3,2,2001,no,no,no,no,no,furnished,Rural,13686452.027581768
3411,1,3,3,1,2020,no,yes,yes,yes,yes,furnished,Rural,13436991.199369058
2234,2,2,3,1,2013,no,yes,no,yes,no,semi-furnished,Urban,18080220.71857507
2343,1,3,3,0,2003,yes,no,no,yes,no,semi-furnished,Rural,9746491.493457075
988,4,2,1,0,2014,yes,no,yes,no,no,unfurnished,Urban,11285901.573433999
3476,5,2,3,0,2023,no,yes,yes,yes,no,semi-furnished,Rural,13386353.353481807
2459,1,1,3,1,1992,yes,yes,yes,no,yes,unfurnished,Rural,10054167.4109432
2885,1,3,1,2,2013,no,yes,no,no,yes,semi-furnished,Urban,21407269.091635358
3419,3,2,1,0,1998,yes,no,no,no,yes,semi-furnished,Urban,24151317.37662175
2302,5,2,1,2,2015,no,no,yes,yes,no,semi-furnished,Rural,10096128.93331133
4561,2,1,1,0,2009,yes,yes,no,no,yes,semi-furnished,Rural,13021936.607325625
3869,4,1,1,3,1999,no,yes,no,yes,yes,unfurnished,Rural,12768046.919035586
762,2,3,1,3,2008,no,no,no,no,yes,unfurnished,Rural,6230808.733737391
1123,5,2,3,0,1992,no,yes,yes,yes,yes,semi-furnished,Rural,9081258.666095486
1516,1,3,3,1,2013,no,no,no,no,no,semi-furnished,Urban,13968483.978761349
4143,1,2,2,0,1994,yes,no,yes,yes,no,unfurnished,Rural,12480040.175939666
2549,5,3,3,0,1992,no,no,yes,yes,yes,furnished,Rural,12401051.429177817
4223,1,1,3,1,2016,yes,no,no,yes,yes,furnished,Urban,29133876.73345537
3608,1,2,1,3,2005,yes,no,yes,no,yes,furnished,Urban,26094310.332420822
4590,1,3,1,2,2004,no,no,no,no,no,unfurnished,Urban,28043533.64744154
2556,4,1,3,0,2001,yes,yes,yes,yes,no,unfurnished,Rural,10557488.245990712
3670,4,1,2,1,2015,yes,no,yes,no,no,furnished,Urban,25942887.57856801
2182,3,3,1,0,2023,yes,no,no,no,yes,furnished,Urban,18785735.73062472
2755,2,2,3,1,2012,no,yes,yes,no,no,semi-furnished,Urban,20895533.72927099
1654,5,2,3,2,2020,yes,no,yes,no,no,unfurnished,Urban,16681643.030598229
4999,5,1,2,2,2009,yes,yes,yes,no,no,unfurnished,Rural,15541244.773939215
3691,5,2,2,3,2001,no,no,no,no,no,furnished,Rural,13540775.734717324
2196,3,2,1,1,2012,no,yes,no,no,no,furnished,Rural,9054653.61533139
4491,4,2,2,1,1993,yes,yes,yes,yes,yes,unfurnished,Urban,31119693.569390696
2148,3,1,3,3,2012,no,no,yes,yes,yes,semi-furnished,Urban,19222423.15618757
1945,5,3,3,3,1990,yes,no,yes,no,yes,furnished,Urban,20611199.446914177
4699,2,2,2,1,2014,yes,no,no,yes,yes,unfurnished,Urban,30878046.081318658
4423,1,1,2,3,1991,yes,no,no,yes,no,unfurnished,Urban,28381433.788486578
753,4,1,2,2,2019,no,yes,yes,yes,yes,semi-furnished,Urban,11971752.658290612
3683,4,3,2,0,1992,yes,yes,no,no,yes,semi-furnished,Rural,13250279.260831662
3057,3,2,1,2,2010,no,yes,no,no,yes,furnished,Rural,11434221.637688888
598,4,2,2,3,2014,no,no,no,no,no,furnished,Urban,10391719.091112897
2700,5,3,1,1,2009,yes,yes,no,no,yes,furnished,Rural,11694161.800110921
3461,5,3,3,1,2011,no,no,yes,no,no,unfurnished,Urban,24926018.627372243
4933,3,1,2,2,2010,no,no,no,yes,no,furnished,Urban,31235434.927665174
4277,5,1,1,1,2022,no,yes,no,no,no,unfurnished,Rural,12683853.628050568
3369,2,3,2,3,2004,no,no,yes,yes,yes,furnished,Urban,25588177.503066964
3734,3,2,3,2,2004,no,yes,yes,no,no,semi-furnished,Rural,13605891.046513576
4291,2,1,3,1,2014,yes,no,no,yes,yes,semi-furnished,Urban,29438755.818900414
1456,1,1,3,0,2010,no,yes,no,no,yes,unfurnished,Urban,13611146.613490598
4567,2,2,2,0,2013,yes,no,yes,no,yes,semi-furnished,Rural,14224516.379536135
660,1,1,2,3,1994,yes,yes,yes,no,no,unfurnished,Urban,10132946.767742684
4993,1,2,1,1,1995,yes,yes,yes,no,no,unfurnished,Urban,31019241.387007806
1800,2,2,3,3,2012,yes,no,no,no,yes,semi-furnished,Urban,17817334.881425083
4487,3,2,2,2,1993,yes,no,no,no,no,unfurnished,Rural,13639744.201017864
2027,5,3,3,0,2016,yes,yes,yes,yes,no,semi-furnished,Urban,19267585.553829845
1718,5,3,3,2,2007,no,no,no,no,no,furnished,Urban,16985719.597553592
4996,1,3,1,1,2010,no,no,yes,yes,yes,furnished,Urban,32298851.691891402
3604,1,2,1,3,2017,no,no,no,no,no,semi-furnished,Rural,11160698.508682452
3235,3,2,1,3,2011,yes,yes,yes,yes,no,semi-furnished,Rural,12193322.29004199
1454,4,3,1,3,2012,no,yes,yes,yes,yes,semi-furnished,Rural,9501974.590161705
3946,2,1,3,2,1992,no,no,no,yes,no,semi-furnished,Rural,12903562.887359204
1545,1,2,1,0,1999,no,no,no,yes,yes,furnished,Rural,7185746.341258744
2193,5,1,1,2,2014,yes,yes,no,yes,no,unfurnished,Urban,17851139.844232917
3936,3,1,1,2,1997,no,no,no,yes,no,unfurnished,Rural,11596234.53898092
1062,2,2,1,1,2000,yes,yes,no,no,no,furnished,Rural,6703695.443555422
2985,3,2,3,1,1994,no,no,no,yes,no,unfurnished,Urban,21345565.59348112
3854,2,1,1,1,2018,yes,no,yes,no,no,furnished,Rural,11914301.496215878
725,2,1,3,0,1994,yes,no,no,no,no,unfurnished,Urban,9734220.82847135
1459,1,3,2,0,1998,yes,yes,yes,yes,yes,semi-furnished,Rural,8495639.109263558
3567,3,3,3,1,1991,no,yes,yes,yes,no,semi-furnished,Urban,25748545.041128397
1315,3,2,3,1,1990,no,yes,no,no,no,semi-furnished,Urban,13580326.74835269
3620,5,3,1,0,2019,yes,yes,yes,yes,no,furnished,Rural,13435306.272251332
516,5,3,2,3,2000,no,no,yes,yes,yes,furnished,Rural,8607019.320338864
1743,1,3,2,0,2017,yes,no,no,yes,yes,unfurnished,Urban,15927340.465909043
2705,1,3,2,0,2001,yes,yes,no,yes,yes,unfurnished,Urban,21090754.70050539
3024,4,1,2,0,2015,no,no,no,yes,no,unfurnished,Urban,20684229.53593426
1569,5,2,3,1,2002,no,no,yes,yes,no,furnished,Urban,16152188.23215543
3944,2,3,2,3,1997,no,yes,no,yes,yes,unfurnished,Urban,27615764.478356857
3065,3,1,3,0,2017,yes,no,no,no,yes,semi-furnished,Urban,23132886.760380585
1560,1,1,3,1,2019,yes,no,no,yes,yes,unfurnished,Urban,15115450.346638717
2827,3,1,3,2,1998,no,yes,no,no,no,semi-furnished,Rural,11040585.091147097
3920,3,3,2,2,2020,yes,no,yes,no,yes,furnished,Urban,29008727.152997654
801,4,3,1,0,2010,no,no,no,no,no,semi-furnished,Rural,5923318.52144791
4776,5,2,1,2,2023,yes,no,yes,no,no,semi-furnished,Rural,15056067.444167338
1106,1,3,2,3,2020,no,yes,no,yes,no,semi-furnished,Urban,12553840.67975123
3670,3,3,1,2,2014,no,yes,yes,no,yes,furnished,Urban,26625507.90289968
1199,1,1,1,2,2001,yes,no,yes,no,no,furnished,Rural,6693226.367785695
1639,2,2,3,3,1990,no,no,yes,no,yes,furnished,Urban,16939424.730964944
690,4,3,3,0,2011,no,no,no,no,yes,furnished,Urban,11887484.320852034
2800,2,3,2,0,1990,yes,yes,yes,no,yes,unfurnished,Rural,10910540.75389796
1480,1,1,2,3,1990,no,yes,no,yes,yes,furnished,Rural,8423521.84921312
3475,1,1,1,3,2010,yes,yes,no,yes,no,semi-furnished,Rural,11161158.7169212
1684,5,3,3,3,2004,no,no,no,no,no,furnished,Urban,17064411.085043278
3827,3,2,2,2,2006,yes,no,no,yes,no,unfurnished,Urban,26086681.045310397
3894,3,2,2,3,2011,no,no,no,yes,no,unfurnished,Rural,12826729.024886588
627,2,1,2,1,2005,no,no,yes,no,yes,unfurnished,Urban,9543955.700568423
2565,4,1,2,2,1997,no,no,no,no,yes,semi-furnished,Rural,10286419.890092134
2316,3,3,2,0,2006,no,yes,yes,no,yes,furnished,Urban,19850611.704751443
1069,5,1,2,0,2006,yes,no,yes,yes,yes,furnished,Rural,8303604.220805361
2395,2,3,1,0,2015,yes,no,yes,no,no,furnished,Urban,18921805.121759847
3233,2,2,3,2,2002,yes,no,yes,yes,yes,semi-furnished,Rural,12810096.978600908
4363,5,2,3,1,2006,yes,yes,yes,yes,no,semi-furnished,Urban,30873176.292981315
4514,4,3,2,3,2006,yes,no,yes,yes,yes,unfurnished,Urban,31965968.55957751
3401,5,1,3,3,2003,yes,yes,yes,no,yes,unfurnished,Rural,13741980.581302812
2186,4,2,3,0,1995,yes,yes,no,yes,yes,furnished,Urban,20321834.602249924
3509,5,1,3,0,2003,no,yes,yes,no,yes,semi-furnished,Urban,25904291.45993711
654,5,2,2,2,1997,no,yes,no,no,no,semi-furnished,Rural,7050018.96942301
3037,1,3,2,1,2004,no,yes,yes,no,no,furnished,Urban,22172227.478430923
1909,2,3,3,3,2016,no,no,yes,no,no,furnished,Urban,17805822.988894954
4557,5,3,3,2,2002,yes,no,yes,no,no,unfurnished,Urban,31465369.59259014
1284,5,2,2,3,2020,yes,yes,yes,yes,yes,unfurnished,Rural,9465696.929793777
3675,3,1,1,0,1995,yes,yes,no,yes,yes,unfurnished,Rural,11330322.68400634
4841,2,1,3,3,1994,no,yes,no,yes,no,furnished,Rural,15716233.061527187
3306,3,1,1,1,2011,yes,no,no,yes,no,furnished,Rural,11065495.671770548
1037,2,2,3,1,2012,no,no,yes,yes,yes,unfurnished,Rural,7610514.190965348
2341,3,2,1,0,2014,yes,yes,yes,no,yes,unfurnished,Urban,19017050.01266986
2955,5,2,1,1,2023,yes,no,yes,no,no,semi-furnished,Urban,22077028.22740477
1024,5,2,1,1,2015,yes,no,no,yes,no,semi-furnished,Rural,7030864.468926005
3450,1,2,2,2,1994,yes,yes,yes,yes,no,unfurnished,Urban,24360498.63107623
4631,3,1,1,3,2015,no,yes,no,yes,yes,unfurnished,Urban,30027982.741479274
4615,4,2,1,0,2009,no,no,no,no,no,semi-furnished,Urban,28533474.385086123
2868,1,2,1,0,1995,yes,no,yes,no,no,unfurnished,Urban,19719895.926243797
4347,3,1,3,0,1995,no,no,yes,no,no,semi-furnished,Rural,13590224.50137166
4995,3,2,1,0,2007,yes,yes,no,yes,no,semi-furnished,Rural,14440046.633959783
3201,1,1,3,0,1993,yes,yes,no,yes,no,semi-furnished,Urban,22716165.11697761
1471,5,1,1,1,2006,yes,yes,no,yes,yes,furnished,Urban,15804174.09477726
1666,3,3,1,2,2003,yes,no,yes,yes,no,furnished,Rural,9283705.49952518
3274,5,3,2,0,2003,no,no,yes,no,yes,unfurnished,Urban,24199601.841291
2482,1,3,3,2,2002,yes,yes,yes,yes,no,semi-furnished,Urban,20856800.319171723
1353,5,3,1,2,1996,yes,no,yes,yes,no,furnished,Urban,15448054.695594836
4646,2,2,3,1,2004,no,yes,yes,yes,no,unfurnished,Rural,14762619.033554636
4236,4,3,3,0,2008,yes,no,yes,no,yes,unfurnished,Rural,14675177.002525117
4269,3,1,2,1,2006,no,yes,no,no,yes,unfurnished,Urban,27875911.487875823
1074,4,2,2,0,2008,yes,no,no,yes,yes,unfurnished,Urban,12991975.092106283
3761,5,3,2,1,2009,yes,no,no,no,no,unfurnished,Urban,26317715.781327687
1648,3,1,2,2,2021,yes,yes,yes,no,no,semi-furnished,Urban,15704912.47789346
2215,5,2,2,0,2013,yes,yes,no,no,yes,unfurnished,Urban,19089140.54333198
4354,2,2,2,3,2006,yes,yes,yes,no,yes,semi-furnished,Urban,30591031.71503185
2991,1,3,2,2,1996,yes,yes,yes,no,no,furnished,Rural,11958500.8713335
3160,3,2,2,3,1990,no,yes,no,yes,yes,unfurnished,Rural,12029746.47869055
3624,2,1,1,2,2021,yes,no,yes,yes,no,furnished,Urban,25090285.65255079
3551,2,2,3,1,2002,no,yes,no,yes,yes,semi-furnished,Rural,12926211.038717343
504,3,1,2,0,1995,no,yes,no,no,yes,semi-furnished,Urban,9200929.77347643
1376,5,2,2,2,2003,yes,yes,yes,no,yes,furnished,Urban,16798997.47788364
1491,2,3,3,1,2004,no,yes,no,no,no,unfurnished,Rural,8196528.379279433
4642,4,1,1,0,1993,yes,yes,no,no,no,unfurnished,Rural,13020977.260359798
4864,2,2,3,0,2005,no,no,no,yes,yes,furnished,Urban,32018002.89432081
4965,5,2,3,2,2017,yes,yes,no,yes,no,furnished,Urban,34176809.88755061
1135,5,2,2,0,2005,no,yes,yes,yes,no,furnished,Rural,8511222.590011375
2193,4,1,3,2,1993,no,yes,no,yes,no,unfurnished,Rural,9890135.000181928
2182,2,1,3,0,2015,yes,no,no,yes,no,unfurnished,Urban,17204038.782186706
619,5,1,2,3,2017,no,no,no,yes,yes,unfurnished,Urban,10840987.423949521
1330,3,3,2,1,2021,yes,yes,yes,no,no,furnished,Urban,15014326.284094648
4175,1,3,2,3,1991,yes,yes,no,no,no,unfurnished,Rural,13374669.35854283
1869,1,1,2,2,2020,yes,no,yes,yes,yes,semi-furnished,Urban,17069385.1004158
1240,1,2,3,3,1992,yes,no,no,no,no,furnished,Rural,8240181.276245524
616,2,3,3,2,1997,yes,no,no,yes,no,unfurnished,Urban,10812982.614938863
3338,4,1,1,0,2013,no,yes,no,yes,no,furnished,Rural,11154860.057269506
1650,5,2,1,0,2004,no,yes,yes,no,yes,semi-furnished,Rural,8710225.800140562
2431,3,3,3,2,2020,no,no,yes,yes,yes,semi-furnished,Rural,11737235.196455946
1512,3,2,1,3,1998,yes,yes,yes,yes,no,furnished,Rural,9099632.131700803
2164,2,2,3,0,1991,no,no,yes,yes,no,furnished,Urban,17868726.81627444
1581,1,2,1,1,1997,no,no,yes,no,yes,semi-furnished,Rural,7357405.218729216
1012,2,2,2,0,1996,no,no,yes,no,yes,furnished,Rural,7215241.813211052
3349,4,3,1,1,2005,no,yes,no,no,yes,semi-furnished,Rural,12118633.25115909
1059,4,3,2,3,2019,no,no,yes,no,no,semi-furnished,Urban,13109384.880350586
4172,5,3,2,1,1999,yes,no,no,yes,no,unfurnished,Urban,28550142.63095208
3843,5,1,2,1,2007,yes,yes,yes,no,yes,furnished,Urban,28339695.55774699
4570,4,3,2,1,1994,no,no,yes,no,no,furnished,Urban,30503528.973378915
1970,4,2,1,1,2018,yes,yes,yes,no,no,unfurnished,Urban,16745747.783048099
1080,4,3,3,0,2023,yes,no,no,yes,no,semi-furnished,Urban,13503982.134494694
2794,2,2,2,1,2012,no,yes,yes,no,no,furnished,Rural,11068024.753290553
3647,4,1,1,0,1994,no,no,yes,no,no,unfurnished,Rural,10939411.106329797
4749,3,2,2,1,2019,yes,no,no,yes,no,unfurnished,Rural,14120322.459940836
2179,1,2,1,2,1995,no,no,no,yes,no,furnished,Urban,16694884.710631458
4006,4,2,1,3,1993,yes,no,no,yes,yes,unfurnished,Rural,13311417.722558292
3244,1,1,1,1,2018,yes,no,no,yes,yes,semi-furnished,Rural,10300005.724886093
3856,2,3,3,2,2012,no,yes,yes,no,yes,unfurnished,Urban,27700345.336292833
4545,1,3,1,1,1995,yes,yes,no,yes,yes,semi-furnished,Rural,14075570.087789206
1743,2,1,1,1,2021,yes,no,yes,no,yes,semi-furnished,Urban,15838663.30413814
3618,3,2,3,1,2007,yes,no,yes,no,yes,furnished,Rural,13850513.040270178
2641,2,3,3,2,2004,no,no,no,no,yes,unfurnished,Urban,20797336.19639782
3559,2,1,1,3,2021,no,yes,yes,no,yes,semi-furnished,Urban,24847412.776335414
3459,5,3,3,2,1998,no,yes,no,no,yes,semi-furnished,Urban,26685574.844093587
2765,4,1,2,3,1999,no,no,yes,yes,no,unfurnished,Rural,10865932.631412787
2979,4,2,2,1,2009,yes,yes,no,no,no,semi-furnished,Rural,11379302.32436225
2135,3,3,3,0,1995,no,no,no,no,yes,unfurnished,Urban,18066658.104429763
2257,3,1,3,1,1992,no,no,no,no,no,furnished,Urban,17925548.897038702
4952,4,3,1,3,2000,no,no,no,yes,no,semi-furnished,Rural,15487889.487737276
2570,5,3,3,2,2006,no,yes,no,no,yes,semi-furnished,Rural,12298839.487426296
3349,4,3,1,1,2021,yes,no,no,no,yes,unfurnished,Urban,24381465.590826914
3751,5,3,2,2,1993,yes,no,yes,yes,yes,unfurnished,Rural,14136964.911512293
4230,3,1,3,2,1993,yes,no,yes,no,no,unfurnished,Rural,13749232.565758586
2989,1,2,1,2,2006,no,yes,yes,no,no,unfurnished,Rural,10027647.856522648
2131,3,1,1,1,2008,no,yes,no,yes,yes,semi-furnished,Urban,17242515.29137666
3316,3,1,2,2,1994,yes,yes,yes,no,no,furnished,Urban,24461577.5062317
1515,2,1,3,2,2021,no,no,no,no,no,furnished,Rural,8230531.813417434
1848,2,2,2,1,2011,no,yes,yes,no,no,furnished,Urban,16073199.855378253
3587,2,3,1,2,1995,yes,no,yes,no,yes,furnished,Rural,12897792.654647699
3339,2,3,1,1,2011,yes,yes,no,no,no,unfurnished,Rural,10913711.824134696
835,5,3,3,3,1990,no,no,yes,yes,no,semi-furnished,Urban,13053889.50371911
1395,4,2,1,3,2009,no,yes,yes,yes,no,semi-furnished,Urban,14310324.238029072
4046,1,3,3,3,2011,no,no,yes,yes,no,semi-furnished,Urban,27985909.150857534
1351,3,2,2,2,2000,yes,yes,no,no,no,unfurnished,Rural,7761932.130449773
2187,5,3,3,0,2002,yes,yes,yes,no,no,semi-furnished,Rural,11092949.585771183
2431,1,3,3,0,1992,yes,yes,no,no,no,unfurnished,Urban,19020108.535587303
4246,5,1,1,2,1998,yes,no,yes,yes,yes,semi-furnished,Urban,29656879.26535219
2927,5,2,1,0,2001,no,yes,yes,no,yes,furnished,Urban,22562650.083595183
2068,3,1,3,1,2012,yes,yes,yes,no,no,unfurnished,Rural,9548471.879209815
4500,4,1,1,0,2003,yes,yes,yes,no,yes,semi-furnished,Rural,13854619.323338347
3238,2,1,1,2,2022,no,yes,no,yes,no,furnished,Rural,11034408.420072705
3998,4,2,1,2,2007,no,no,yes,yes,no,furnished,Urban,27108613.730501927
4413,3,2,3,1,1998,no,yes,no,no,no,furnished,Urban,29382988.206666827
1566,3,3,1,3,2012,yes,no,no,no,yes,unfurnished,Rural,8304609.2381636705
4880,3,1,3,2,1999,no,no,yes,no,no,unfurnished,Urban,31013126.400616165
2944,1,3,1,1,2008,no,no,yes,yes,no,semi-furnished,Urban,20534781.664585188
4607,4,1,2,0,1994,yes,no,no,yes,yes,furnished,Urban,31031304.699751418
3873,4,2,1,0,2012,yes,yes,no,yes,yes,semi-furnished,Urban,27076937.87106817
4469,5,2,1,1,2019,no,no,yes,no,no,semi-furnished,Rural,13950956.682754217
3046,5,2,3,1,2014,yes,no,yes,yes,yes,furnished,Urban,25305766.63706333
1253,5,1,3,2,2017,no,no,yes,no,yes,semi-furnished,Rural,8975002.215134319
2582,3,2,1,0,2023,no,no,yes,no,no,unfurnished,Rural,8834718.908241713
3274,4,1,2,1,2014,yes,yes,yes,yes,no,semi-furnished,Urban,23998793.879417103
3396,3,3,1,0,1999,no,yes,no,no,no,furnished,Rural,11569179.840857994
4685,1,1,1,1,2003,yes,no,yes,yes,yes,unfurnished,Rural,13078980.097596409
1275,5,3,2,0,2019,yes,no,yes,no,yes,unfurnished,Urban,15034382.056967946
2125,3,1,3,3,2014,yes,no,no,no,yes,semi-furnished,Rural,10334616.48603386
3569,3,3,1,2,2003,no,yes,yes,yes,no,semi-furnished,Rural,12621696.81433054
917,1,2,3,0,2023,yes,yes,yes,no,yes,unfurnished,Rural,7010543.517033796
614,2,3,3,3,1999,yes,yes,no,no,yes,semi-furnished,Rural,8007799.42846826
1116,4,2,2,0,2000,no,yes,yes,no,no,furnished,Rural,7923275.774669149
4474,2,2,2,0,2000,no,yes,no,no,no,semi-furnished,Rural,13298076.52121872
3767,5,3,3,3,2010,no,no,yes,no,no,semi-furnished,Rural,14710689.460890304
1325,3,1,1,0,2010,no,yes,yes,no,yes,unfurnished,Rural,6645587.426863436
2016,1,1,3,0,2011,yes,yes,yes,no,no,semi-furnished,Urban,17128952.748190068
3646,1,1,1,2,1996,yes,no,no,no,yes,semi-furnished,Urban,24824435.354619734
912,4,1,1,3,2006,yes,yes,no,yes,yes,semi-furnished,Urban,12948311.99301497
1228,2,1,2,3,1991,no,yes,no,yes,no,furnished,Rural,7881099.382869442
3848,4,2,1,1,2001,no,yes,no,no,no,semi-furnished,Rural,12268314.550346207
3308,3,1,1,0,2007,yes,no,yes,no,no,furnished,Rural,10879963.30064123
1175,4,2,3,2,2000,no,yes,no,yes,no,furnished,Urban,14074636.370250015
3965,1,2,2,0,2005,no,no,no,no,no,furnished,Urban,25368676.343762673
3004,1,2,1,0,2007,yes,no,no,yes,yes,furnished,Urban,21976806.701680213
3467,5,3,1,1,2015,yes,yes,yes,yes,yes,unfurnished,Rural,13012846.96994871
3286,5,3,2,0,2005,no,yes,yes,yes,yes,furnished,Urban,25544667.177096363
1622,3,2,3,2,1995,no,yes,no,no,no,semi-furnished,Urban,15501299.860587053
4579,2,3,2,2,2001,no,yes,no,no,yes,furnished,Rural,15233752.278660087
2071,4,1,2,1,2002,yes,no,yes,no,no,semi-furnished,Urban,17578075.902318906
2643,3,1,1,0,1993,yes,yes,no,yes,no,furnished,Rural,9604605.107670898
2187,5,2,1,2,1991,yes,no,no,yes,yes,unfurnished,Urban,18988014.432044365
4632,4,1,3,0,2015,yes,no,no,yes,yes,furnished,Rural,15177915.871253652
4351,5,2,1,0,2016,yes,no,no,no,no,furnished,Rural,13641919.323605072
3940,4,2,1,0,2016,no,no,yes,yes,yes,unfurnished,Rural,12475953.75233591
4266,2,1,2,1,2004,no,no,yes,yes,no,furnished,Rural,13425967.35286301
2826,3,3,1,0,1997,no,yes,yes,no,yes,semi-furnished,Rural,10836986.764104059
3414,4,1,3,2,1996,yes,no,no,yes,yes,furnished,Urban,26304937.368780397
4452,1,1,2,0,2001,yes,no,no,yes,yes,furnished,Rural,13341586.47450656
1095,1,2,3,2,2002,yes,yes,yes,no,yes,furnished,Rural,8831826.00780195
1228,4,2,2,0,2006,no,yes,yes,no,yes,unfurnished,Rural,7756596.83900907
1865,4,2,1,2,2006,yes,no,yes,yes,no,furnished,Rural,9514622.163240938
4992,4,2,2,2,2010,yes,no,no,no,yes,furnished,Urban,33882169.8975318
1198,1,3,2,0,1997,no,yes,yes,yes,yes,semi-furnished,Rural,7801065.514161062
895,1,3,1,0,1994,yes,no,no,no,yes,furnished,Urban,11635353.422503006
4671,4,3,1,2,2015,no,yes,no,yes,no,furnished,Rural,15365049.811292129
4860,5,2,3,3,2005,yes,yes,yes,no,no,furnished,Rural,17457037.818925157
3002,5,2,3,1,2017,yes,no,yes,yes,no,furnished,Urban,24116353.428667977
2319,2,2,1,3,2018,no,yes,no,no,no,semi-furnished,Urban,17669319.4348893
1217,3,3,1,3,2001,no,no,yes,no,no,semi-furnished,Urban,13032637.98445971
3282,5,2,1,0,2019,no,no,yes,no,yes,unfurnished,Rural,11224621.606513696
4077,1,1,2,1,2012,no,no,no,no,yes,furnished,Urban,26841411.262951538
643,5,1,2,3,2005,no,yes,no,no,yes,unfurnished,Rural,7070666.281787019
3640,2,2,2,0,2003,no,no,no,no,no,unfurnished,Urban,23301533.758803535
4991,2,1,1,3,1999,yes,yes,no,no,no,furnished,Urban,31816832.540664244
3438,3,1,3,3,1996,yes,no,no,yes,yes,semi-furnished,Rural,13076284.284901984
4136,5,3,1,0,2018,no,no,yes,yes,no,semi-furnished,Urban,27522509.32769242
3722,1,2,2,0,1992,yes,yes,no,no,no,furnished,Urban,25341062.72269776
1667,1,2,2,0,2004,no,no,no,no,no,furnished,Rural,7482713.113154323
3116,4,3,1,1,2008,yes,no,no,yes,yes,semi-furnished,Rural,11669522.204863027
1562,1,1,1,3,2002,no,yes,yes,yes,yes,furnished,Rural,8471457.458083741
2656,3,1,2,0,2010,yes,yes,no,no,no,furnished,Urban,20171047.06119744
3482,3,2,2,2,2016,yes,yes,no,yes,no,furnished,Urban,25514455.038335193
3794,1,1,2,3,2018,yes,no,no,yes,no,semi-furnished,Urban,25730474.724682238
1656,1,3,1,2,2009,yes,yes,yes,no,no,unfurnished,Urban,15015136.283663565
1232,4,3,2,1,2014,yes,yes,no,no,yes,unfurnished,Urban,14677552.624047734
4830,1,2,2,0,1995,no,no,no,no,no,furnished,Rural,13660800.165842652
1453,4,3,3,2,1991,no,yes,no,yes,yes,semi-furnished,Urban,16462724.907230986
3039,4,3,1,1,2011,no,no,yes,no,yes,furnished,Rural,11938766.230621476
3824,1,2,3,0,2021,yes,no,yes,no,yes,semi-furnished,Urban,27155552.265219867
3801,2,3,3,2,2005,no,yes,yes,yes,no,furnished,Rural,14551547.909351783
2042,2,3,2,2,2007,yes,no,yes,no,yes,semi-furnished,Urban,18894898.44886086
1691,4,3,1,1,1994,yes,yes,no,yes,yes,semi-furnished,Urban,16921647.926210567
3493,1,1,2,0,2019,yes,yes,no,yes,no,unfurnished,Rural,10663815.039775796
3181,2,2,1,0,2008,no,yes,yes,yes,no,furnished,Urban,22074842.621649314
1717,1,2,3,2,2012,yes,yes,yes,yes,no,unfurnished,Rural,8974273.124648187
2040,1,2,1,2,2023,no,no,no,yes,yes,unfurnished,Urban,16158366.442349052
3736,1,1,2,2,2002,no,no,no,yes,no,semi-furnished,Urban,24252250.03059429
2886,5,1,2,0,2018,yes,yes,yes,no,yes,furnished,Rural,11928931.847352523
4219,1,2,2,1,2011,yes,yes,yes,no,yes,semi-furnished,Urban,29137269.569163904
1888,5,1,1,1,1998,no,no,yes,no,no,semi-furnished,Rural,8266104.3277213
2356,4,2,3,0,2008,no,yes,yes,yes,yes,semi-furnished,Urban,20335871.979427725
1865,2,1,3,3,1995,no,no,no,no,yes,furnished,Urban,17322625.127727255
999,2,3,1,1,2004,no,yes,yes,yes,yes,furnished,Urban,12905512.311000114
2180,2,3,2,2,2009,no,no,yes,no,yes,semi-furnished,Urban,18884591.74187623
1010,2,2,3,3,1998,no,no,no,yes,no,furnished,Urban,12727261.885638185
4812,2,1,2,3,2021,yes,no,no,no,yes,semi-furnished,Urban,31779963.142202772
1824,2,1,1,1,1993,no,yes,no,yes,no,furnished,Urban,14724597.60297152
1655,2,3,2,3,2007,no,yes,no,no,yes,furnished,Rural,9711248.563118549
2327,4,3,3,3,1994,no,yes,no,yes,yes,unfurnished,Urban,20701340.738176845
3641,1,1,3,1,2009,no,yes,yes,no,no,semi-furnished,Urban,24545398.682900842
3986,3,1,2,1,2012,yes,yes,yes,yes,yes,unfurnished,Urban,27930806.044873033
2310,5,1,1,3,2000,yes,no,yes,no,yes,unfurnished,Rural,10031534.865916722
3423,3,1,2,2,2011,no,no,no,no,yes,semi-furnished,Rural,11704051.578017792
2714,3,1,1,0,1993,no,no,yes,no,yes,semi-furnished,Urban,19738795.762748126
4686,1,1,2,3,2018,no,no,no,yes,yes,furnished,Urban,30691897.923630618
1213,1,2,3,3,2023,yes,no,yes,yes,yes,semi-furnished,Urban,15144425.437938936
4102,1,1,1,2,2002,yes,no,yes,yes,no,unfurnished,Rural,11931072.204969486
4634,2,3,1,3,1998,yes,no,no,yes,no,unfurnished,Urban,29916104.70694242
4022,4,2,1,3,2020,yes,yes,no,yes,no,semi-furnished,Rural,13611965.75032512
4768,2,1,3,0,1996,yes,no,yes,no,yes,unfurnished,Urban,31320035.892845724
1743,4,3,2,0,1993,yes,yes,yes,yes,yes,furnished,Rural,10385662.379742242
4209,4,2,3,0,2008,no,no,yes,no,yes,unfurnished,Rural,14031799.224645624
1581,3,3,1,1,2019,yes,no,yes,no,no,furnished,Urban,15507112.89202554
955,3,1,2,1,2020,yes,yes,yes,yes,yes,unfurnished,Urban,12803606.28588042
1394,4,1,3,0,2010,no,no,no,no,no,furnished,Urban,13699796.567351958
1884,4,1,1,0,2020,yes,yes,no,yes,yes,furnished,Urban,17206669.349336024
2458,2,1,1,1,2008,no,no,no,yes,yes,semi-furnished,Urban,18241006.71021513
3572,2,2,3,2,2020,yes,yes,no,yes,yes,furnished,Urban,27233589.29925751
2496,3,2,3,3,2021,no,no,yes,no,no,semi-furnished,Urban,20144483.375489257
4785,1,3,3,3,1991,no,yes,yes,yes,yes,unfurnished,Rural,16089611.533777729
1004,4,1,1,0,1999,no,yes,no,yes,no,unfurnished,Urban,10137435.928818813
1714,2,3,3,2,1991,no,no,yes,yes,yes,unfurnished,Urban,16899626.685979363
2031,3,2,1,1,1991,no,no,no,no,yes,furnished,Rural,8856138.0205282
3940,2,1,3,0,2013,yes,yes,yes,yes,no,unfurnished,Urban,26736667.411634453
1323,4,1,1,2,2006,yes,no,yes,no,yes,unfurnished,Urban,14078804.590542287
1428,4,2,1,2,2021,no,yes,yes,no,yes,semi-furnished,Urban,14894931.514257887
633,5,2,2,2,2005,no,no,no,yes,yes,semi-furnished,Urban,11344666.564048078
2605,1,2,3,1,2005,no,yes,no,no,yes,unfurnished,Rural,10088467.53736231
4127,5,2,3,1,2020,yes,no,no,no,no,unfurnished,Rural,13894317.420553746
2352,3,2,1,3,2013,no,yes,no,yes,no,furnished,Urban,18799840.241652854
4675,2,1,1,3,1990,no,no,yes,yes,yes,furnished,Urban,30870251.15417677
3433,3,2,1,2,2000,no,yes,yes,yes,yes,unfurnished,Rural,12041225.392774105
3784,4,1,2,2,2010,no,yes,yes,no,no,semi-furnished,Urban,25752622.47017562
4798,5,1,2,1,1993,yes,no,yes,yes,yes,unfurnished,Rural,15175528.87134846
3311,5,2,1,3,1996,no,no,no,no,no,furnished,Rural,12233532.896260418
1750,5,2,3,2,2015,no,yes,yes,no,yes,semi-furnished,Rural,10735726.534552608
4012,3,1,3,3,2001,yes,yes,yes,no,no,semi-furnished,Urban,28475180.213564187
1756,4,2,2,3,2020,no,yes,yes,no,no,furnished,Urban,16855186.123345517
3876,2,2,2,2,2006,no,yes,no,no,no,unfurnished,Urban,25465708.21787078
3986,2,2,1,1,2022,yes,no,no,yes,no,unfurnished,Rural,11620313.209971888
4084,3,3,3,2,2000,yes,yes,no,yes,yes,unfurnished,Urban,29706267.75757191
1896,5,1,1,2,2017,yes,yes,yes,no,yes,furnished,Urban,18326004.50795696
4137,1,3,2,3,2021,no,yes,no,no,no,semi-furnished,Rural,13574978.838104509
3830,3,2,3,2,1990,no,no,yes,yes,no,furnished,Urban,27229450.287938643
3203,3,3,3,1,2017,yes,yes,yes,yes,no,unfurnished,Urban,24407953.70380506
970,4,2,2,2,1996,yes,no,yes,no,no,furnished,Urban,13143260.007395325
1853,2,3,1,1,1991,yes,no,no,no,yes,semi-furnished,Rural,8321201.899581137
3283,3,2,1,1,2013,no,no,no,yes,no,furnished,Urban,22500650.39071045
3331,3,3,3,3,1993,no,no,yes,yes,no,unfurnished,Rural,13119524.352501668
857,5,3,2,0,2008,yes,no,yes,no,no,semi-furnished,Rural,7601488.191717146
3519,5,3,3,0,2015,no,no,no,yes,no,furnished,Rural,13522110.489304384
1167,1,1,2,3,2000,yes,no,no,yes,no,furnished,Urban,12990285.728792164
4968,4,3,1,2,2000,no,yes,no,no,no,semi-furnished,Urban,31624321.794351473
1645,1,1,2,3,1992,no,yes,yes,no,no,semi-furnished,Urban,14689602.681611355
4685,5,2,1,1,2001,no,no,yes,no,yes,unfurnished,Rural,14305768.020230614
4219,2,3,2,0,1992,no,yes,yes,yes,no,semi-furnished,Rural,13771892.69874205
3245,5,2,3,3,2016,yes,yes,no,no,no,unfurnished,Urban,24907316.46038477
1039,4,2,1,2,1991,no,no,no,yes,no,furnished,Rural,7328392.844872746
3279,5,3,3,3,2005,no,yes,no,no,yes,unfurnished,Urban,25501636.322418235
4636,4,1,3,0,1991,yes,no,yes,no,yes,furnished,Urban,32048084.837928455
4275,4,3,1,3,2019,no,yes,yes,yes,yes,semi-furnished,Urban,30062902.423767112
3008,4,2,1,3,2009,yes,no,no,yes,no,furnished,Urban,22890497.774835356
3279,4,2,3,0,2017,yes,no,yes,no,no,semi-furnished,Urban,24228419.094189428
1424,4,3,3,1,2014,no,yes,no,no,no,furnished,Urban,15169053.166480368
3456,2,1,3,1,2021,no,yes,yes,yes,yes,furnished,Urban,25499742.428491
2081,1,1,3,0,1999,yes,no,no,no,no,furnished,Rural,8620709.987495609
3824,3,2,1,3,2022,yes,no,yes,yes,yes,furnished,Urban,27957419.667151384
4985,1,2,1,0,2002,yes,no,yes,yes,yes,unfurnished,Rural,13949895.293009821
755,4,1,3,1,2005,no,yes,no,no,yes,furnished,Rural,7677631.136467602
2338,2,3,2,2,2011,yes,yes,no,yes,yes,unfurnished,Urban,20124546.264606502
2444,5,2,2,3,2009,yes,yes,no,yes,yes,semi-furnished,Rural,11788898.475360943
509,2,1,1,1,2016,yes,yes,no,yes,no,semi-furnished,Rural,5018198.064046229
3371,4,2,3,3,2005,no,no,no,no,no,unfurnished,Rural,12412427.809023028
1297,2,3,3,0,2023,yes,no,yes,yes,yes,semi-furnished,Urban,15423501.124356536
1515,2,1,1,2,2021,no,no,no,no,no,semi-furnished,Urban,12682717.211632118
2324,4,2,2,0,2015,no,no,no,no,no,furnished,Urban,18124837.195646953
4969,2,3,2,2,2014,yes,yes,no,no,yes,furnished,Urban,33815328.9694911
3636,3,2,2,3,1991,no,no,yes,yes,yes,furnished,Urban,26858511.20369235
2693,3,3,1,3,2001,yes,no,no,yes,no,unfurnished,Rural,10415445.555878771
723,2,3,2,0,1998,no,yes,no,no,no,unfurnished,Rural,5757502.780577275
4658,5,1,1,2,2001,no,yes,no,no,no,semi-furnished,Urban,29596173.615725428
4425,4,3,1,2,2015,yes,no,yes,yes,no,furnished,Rural,15012297.875416623
4500,3,2,3,3,1998,yes,yes,yes,no,yes,unfurnished,Rural,15797205.385176275
2133,5,3,2,0,1999,yes,no,no,no,no,unfurnished,Rural,9342014.663022108
2652,2,3,1,2,2021,no,yes,yes,yes,yes,furnished,Rural,11402487.366913728
1010,5,1,2,3,2023,no,yes,no,no,yes,unfurnished,Urban,12840648.318556264
884,1,3,2,1,2009,yes,no,yes,yes,no,furnished,Urban,12217735.559863064
904,3,3,3,0,1991,yes,yes,no,yes,no,semi-furnished,Urban,12605459.269364621
2500,2,2,2,1,1990,no,no,yes,no,no,semi-furnished,Rural,9680882.902951218
3256,4,1,3,0,2013,no,yes,no,yes,yes,semi-furnished,Rural,12217915.557405833
2168,2,1,1,3,2016,no,yes,no,yes,yes,furnished,Urban,18105322.955526892
1960,4,1,2,2,1991,yes,yes,yes,yes,yes,unfurnished,Urban,18405579.985845074
4136,2,3,1,2,2020,no,yes,no,no,yes,semi-furnished,Rural,13490580.179008389
3224,5,1,2,2,2003,yes,yes,no,no,no,semi-furnished,Urban,23834984.777777556
4678,5,3,1,0,1991,no,no,no,no,yes,semi-furnished,Urban,30603162.29608633
2548,5,3,2,3,2018,no,yes,no,yes,yes,unfurnished,Rural,11760104.755354539
4646,1,2,2,1,2004,yes,no,yes,yes,no,unfurnished,Rural,13777460.357717648
1216,4,2,2,3,2001,yes,yes,no,no,yes,furnished,Urban,15676951.6350399
2323,5,2,2,1,2017,yes,no,yes,no,yes,semi-furnished,Rural,10888634.018791351
2581,1,2,2,0,2009,no,yes,yes,yes,no,unfurnished,Urban,18637691.66115312
3919,4,2,2,0,2013,no,no,yes,no,yes,furnished,Rural,13626261.732428059
2074,2,3,2,1,2010,no,no,yes,no,yes,semi-furnished,Rural,9667566.87904223
749,1,3,2,1,1999,yes,yes,no,no,yes,unfurnished,Urban,11303242.119756876
1173,3,1,2,1,2003,no,yes,no,no,yes,unfurnished,Rural,6789694.301211063
2665,1,3,1,3,2007,yes,yes,yes,no,no,furnished,Urban,21050632.004163712
1270,1,3,3,1,2013,yes,no,no,yes,yes,semi-furnished,Rural,8360533.6986637395
4462,4,2,2,0,2003,yes,no,yes,no,no,semi-furnished,Urban,29541081.276383966
4863,2,3,3,0,2023,no,yes,no,no,yes,unfurnished,Rural,15001018.229844376
2484,3,2,2,2,2001,no,yes,no,yes,no,semi-furnished,Rural,10364938.5312399
1577,5,1,2,1,2011,yes,no,no,yes,no,furnished,Urban,15634764.519976102
735,5,1,1,3,1995,no,no,yes,yes,no,unfurnished,Rural,6441088.991668954
888,1,3,1,3,2011,yes,yes,yes,yes,yes,unfurnished,Urban,12695663.615636969
3537,4,1,3,3,2003,yes,no,no,no,yes,furnished,Rural,13820957.945657209
2348,4,3,1,2,2005,no,yes,yes,no,yes,unfurnished,Rural,10342434.58361645
3314,5,1,1,0,2014,yes,yes,yes,no,no,semi-furnished,Urban,23526141.274694264
3874,3,2,3,3,2021,yes,yes,no,no,yes,semi-furnished,Rural,14433820.943892924
3778,2,2,1,0,2022,no,no,yes,yes,yes,unfurnished,Rural,11531052.443813704
1752,3,2,2,2,2009,yes,no,no,yes,yes,furnished,Urban,17546032.336229336
4481,2,2,3,1,2007,yes,no,no,no,yes,furnished,Rural,14861824.713662066
2622,5,3,3,1,1992,yes,no,no,no,no,semi-furnished,Urban,21589247.769978117
2650,2,1,2,1,2012,yes,yes,yes,no,no,furnished,Urban,20508015.41698194
1829,4,3,1,3,2021,yes,no,no,no,yes,unfurnished,Urban,17307437.220315266
1858,1,2,3,1,2005,yes,yes,no,yes,yes,unfurnished,Rural,9022947.140485201
2982,1,3,3,3,1994,yes,yes,yes,no,yes,semi-furnished,Rural,12855976.822409147
2517,5,1,2,2,1993,no,yes,yes,yes,no,semi-furnished,Urban,20111365.48466998
1831,4,3,2,2,2010,no,no,yes,yes,yes,semi-furnished,Rural,10264618.144860163
4844,3,1,1,3,2003,yes,yes,yes,yes,no,furnished,Urban,32023850.699799187
4761,4,3,3,0,2020,yes,yes,no,yes,no,unfurnished,Rural,15451640.611741714
1858,1,1,1,1,2003,no,no,yes,no,yes,unfurnished,Urban,14860945.903595634
3677,1,1,1,1,1995,no,yes,yes,no,yes,unfurnished,Urban,24257951.117414594
2628,4,2,2,1,2001,no,no,yes,no,yes,semi-furnished,Rural,11023020.321005711
2680,4,1,3,3,2005,no,no,yes,no,no,unfurnished,Urban,20643522.458487064
637,1,2,3,2,2006,no,no,no,yes,no,furnished,Urban,10289270.531104608
3972,3,2,3,1,2012,yes,yes,yes,yes,yes,furnished,Rural,15065891.188312178
3332,5,2,2,2,2003,no,no,no,yes,no,unfurnished,Urban,23476277.290766105
4079,5,3,2,1,1996,no,no,yes,no,yes,semi-furnished,Urban,29007196.063775152
3531,4,3,2,1,2021,no,no,no,yes,yes,unfurnished,Rural,12425701.557495026
4664,5,3,2,3,2004,yes,no,no,yes,no,furnished,Urban,32409305.175567783
3093,1,3,2,0,2006,yes,yes,yes,yes,no,furnished,Urban,23227624.7864575
4800,1,1,3,3,2023,yes,no,no,yes,no,furnished,Urban,31749013.147636086
4318,4,1,1,1,1994,yes,yes,yes,no,no,unfurnished,Urban,28218282.57874178
4638,4,3,3,1,2016,yes,no,no,yes,yes,furnished,Urban,32995374.28591657
4323,4,1,1,0,2012,yes,yes,no,yes,yes,semi-furnished,Urban,28993459.11988059
4542,3,1,2,2,2003,no,no,no,no,yes,unfurnished,Urban,29293395.76266629
2406,5,2,1,2,2004,yes,yes,yes,no,no,unfurnished,Urban,19545903.408143062
1260,4,2,3,1,2022,yes,no,no,no,yes,furnished,Rural,9101082.379797567
3945,2,2,3,2,2020,no,yes,yes,yes,no,furnished,Urban,27806707.050444275
1399,2,2,1,1,2006,yes,yes,no,yes,no,semi-furnished,Urban,13492199.266408317
4955,1,1,2,0,2017,no,yes,no,yes,no,unfurnished,Rural,13322650.424333889
3447,5,3,2,0,2008,no,no,no,yes,yes,furnished,Urban,25604419.921039857
2219,4,1,3,1,2012,yes,yes,no,no,no,semi-furnished,Urban,18769639.222619724
780,2,1,1,0,2021,no,yes,no,yes,no,furnished,Urban,9352312.86067186
3766,5,1,2,3,2002,no,yes,no,yes,no,unfurnished,Urban,25910110.569436584
2387,1,2,2,3,2009,no,yes,yes,no,no,furnished,Urban,19100135.815976508
3766,3,2,3,0,1994,no,no,yes,no,no,unfurnished,Urban,25242147.81760657
1166,5,2,2,1,1998,yes,yes,yes,no,no,furnished,Rural,8819846.097196039
4688,5,3,1,1,2018,no,yes,no,yes,no,unfurnished,Rural,14519193.5829776
1171,3,1,3,0,1995,yes,yes,yes,yes,no,semi-furnished,Rural,7922574.1988821775
2469,5,3,3,2,2014,no,no,no,yes,no,unfurnished,Rural,11141677.253027022
4656,1,2,1,3,2020,no,yes,yes,yes,no,semi-furnished,Rural,14262184.5355556
3622,1,3,3,2,2011,no,yes,yes,yes,no,unfurnished,Urban,25394825.818507165
4400,3,1,2,1,1991,yes,yes,no,no,no,semi-furnished,Urban,28790027.814205598
1023,4,1,2,1,1994,yes,yes,no,no,yes,furnished,Urban,13636779.395834591
2893,2,2,1,2,2016,yes,no,yes,yes,yes,unfurnished,Urban,21982641.682157632
3617,4,2,2,0,2014,no,yes,yes,yes,no,furnished,Urban,25507806.08293762
3093,5,3,1,2,1997,no,yes,yes,yes,no,semi-furnished,Rural,12304513.34173769
2468,2,2,1,2,1990,no,no,yes,yes,no,unfurnished,Rural,9163815.450601825
2253,3,2,2,3,2009,no,no,no,yes,yes,unfurnished,Urban,18669547.182482444
2796,3,1,1,3,2012,yes,no,yes,no,yes,furnished,Urban,22318478.25718905
2761,2,2,2,2,2021,no,yes,no,no,yes,unfurnished,Urban,20860919.06410553
2786,1,2,3,2,2000,yes,no,no,no,no,unfurnished,Rural,10203573.992863739
4702,2,1,3,1,2013,no,yes,yes,yes,no,furnished,Rural,15220421.649529077
3378,5,1,1,3,2000,yes,no,no,yes,no,unfurnished,Urban,23842858.956480723
4643,1,3,2,3,2018,yes,yes,yes,no,no,furnished,Rural,15563549.818981424
4144,3,2,2,1,2015,no,no,no,no,yes,furnished,Urban,28253681.81828543
4932,2,1,3,0,2005,no,yes,no,yes,no,furnished,Rural,14824729.706363715
2555,4,3,3,3,2009,yes,no,yes,no,yes,furnished,Rural,13064909.80591217
1776,4,3,2,3,1992,no,yes,no,no,yes,furnished,Urban,17981499.71193466
3266,5,2,1,0,1990,no,yes,no,yes,no,semi-furnished,Rural,11319108.531168198
802,4,2,3,3,1990,yes,yes,yes,no,yes,semi-furnished,Rural,9053202.072645225
1138,2,3,1,3,2006,yes,yes,no,no,yes,furnished,Urban,14476464.4837862
555,2,1,1,0,1991,yes,yes,no,no,yes,semi-furnished,Rural,5034285.7920677
1025,4,3,3,0,2018,yes,yes,yes,yes,yes,semi-furnished,Urban,15005435.694152445
4623,2,2,1,2,2009,no,yes,yes,no,no,unfurnished,Rural,13468335.837373652
2625,5,1,1,1,1995,yes,yes,no,no,no,furnished,Urban,20358297.441891704
3787,1,1,2,1,1997,yes,no,no,no,yes,semi-furnished,Urban,25828399.807357285
864,5,3,1,0,2018,yes,yes,no,yes,no,unfurnished,Rural,6688589.044764184
2146,5,2,2,0,2022,no,yes,yes,yes,yes,unfurnished,Rural,9995565.928256858
1418,2,3,3,3,1992,yes,no,no,no,no,furnished,Urban,15720589.352450132
3297,1,3,3,2,1994,no,yes,no,yes,no,furnished,Rural,12837764.502670826
2031,2,3,2,2,2016,yes,no,no,no,no,unfurnished,Rural,8929101.137549663
3845,3,1,3,0,2001,yes,yes,no,yes,no,furnished,Rural,13348824.521881752
2406,2,1,1,3,2009,no,no,no,yes,no,furnished,Urban,17991414.51564708
3586,2,2,1,3,2009,yes,no,no,no,yes,unfurnished,Urban,25194535.275765605
2575,2,2,1,1,1998,yes,yes,yes,no,no,unfurnished,Urban,19244817.375195593
1213,1,3,3,1,1993,no,no,yes,no,yes,furnished,Rural,8613000.803737365
1562,2,3,1,3,2008,yes,yes,no,yes,yes,semi-furnished,Rural,8925421.413185585
2476,1,3,3,1,2016,yes,yes,no,no,no,furnished,Urban,20333292.289647523
1796,4,2,1,0,2002,yes,yes,yes,yes,yes,semi-furnished,Urban,17254044.314532667
625,3,1,2,3,2002,yes,yes,yes,yes,no,unfurnished,Rural,6674410.642701553
4096,1,1,3,1,2011,no,no,yes,no,yes,semi-furnished,Rural,13218748.53361819
3783,4,3,3,2,2017,yes,yes,no,yes,yes,unfurnished,Rural,14436158.540594215
2103,1,3,1,3,2011,no,no,no,no,no,furnished,Rural,8950607.359022174
566,1,3,3,3,2008,yes,no,no,yes,no,furnished,Urban,11236263.58597193
732,3,3,3,2,1997,no,yes,no,no,no,unfurnished,Rural,7253229.69360145
2656,5,2,2,0,1997,yes,yes,yes,yes,no,unfurnished,Rural,10848770.744270105
1669,5,1,2,2,2015,no,yes,yes,yes,yes,unfurnished,Urban,16447820.97266369
2658,1,3,1,3,2015,yes,yes,yes,no,no,furnished,Urban,21178466.86617003
4706,2,2,2,0,2012,no,no,yes,yes,yes,furnished,Rural,14821975.366321944
1993,4,3,1,1,2002,no,yes,no,no,yes,semi-furnished,Urban,17564864.02511423
4507,2,3,1,1,2017,yes,no,no,yes,yes,unfurnished,Rural,13464886.337326093
2972,2,1,1,1,1998,no,yes,yes,yes,yes,semi-furnished,Rural,10479952.960000033
3160,1,3,3,3,2009,yes,yes,yes,yes,yes,furnished,Urban,25948649.220588587
3239,1,1,2,2,2008,yes,yes,yes,no,yes,semi-furnished,Urban,24091744.973062236
2261,1,1,1,0,2001,yes,yes,yes,no,no,semi-furnished,Rural,8258147.434386215
4014,1,1,2,1,2004,yes,no,yes,no,yes,furnished,Urban,27686894.264322426
2475,5,2,1,0,2020,yes,no,no,no,yes,furnished,Rural,10280983.15590812
2862,1,2,2,3,2003,no,yes,no,no,yes,unfurnished,Rural,10589001.733197974
1376,5,1,2,1,2000,yes,no,yes,yes,no,semi-furnished,Rural,8340809.847447452
4312,5,3,1,3,2015,yes,no,yes,yes,no,furnished,Urban,30397099.004436683
3948,1,1,3,2,2016,yes,yes,yes,no,yes,furnished,Rural,14139956.916201977
1812,3,3,2,3,2000,yes,yes,no,yes,no,semi-furnished,Rural,9921803.743352244
1960,4,1,3,3,2023,yes,no,no,yes,yes,furnished,Rural,10874372.677534709
3209,2,3,3,2,2008,yes,no,no,yes,no,unfurnished,Urban,23753762.25970163
2824,5,2,1,0,1995,no,no,yes,yes,yes,unfurnished,Rural,10451418.801141156
2233,4,3,1,2,2017,no,no,no,no,no,semi-furnished,Rural,9520827.13979876
2105,3,1,1,2,1990,yes,yes,yes,yes,no,unfurnished,Rural,8709349.968384515
3063,2,2,2,3,1997,no,yes,no,no,no,furnished,Urban,22321504.865854178
3921,2,3,1,0,1996,yes,no,no,no,yes,furnished,Rural,12596139.865993418
4017,5,3,1,1,2000,yes,yes,no,yes,yes,furnished,Rural,14488807.222902384
2897,1,3,2,2,1993,yes,no,yes,no,yes,furnished,Urban,23354801.068269074
4235,3,3,2,0,2014,yes,no,yes,yes,no,semi-furnished,Urban,28766442.180662483
3370,5,3,1,2,2001,yes,yes,no,yes,no,unfurnished,Rural,12402369.264598733
1660,3,2,1,2,2015,no,no,yes,yes,yes,unfurnished,Rural,8191604.126070702
742,1,2,1,2,2001,no,no,yes,no,no,furnished,Rural,5999882.318450532
3090,1,2,1,2,2013,no,yes,yes,no,yes,semi-furnished,Urban,22373702.11557561
1563,5,2,3,3,2005,no,yes,yes,no,yes,furnished,Urban,17849803.27085385
4824,1,1,3,0,2002,yes,no,yes,yes,yes,furnished,Rural,15124753.691279208
3095,4,2,1,0,2014,no,no,yes,yes,yes,semi-furnished,Urban,22556107.255560756
1419,2,3,3,0,1993,yes,yes,yes,yes,no,semi-furnished,Rural,8923093.471036708
505,5,3,2,2,2000,no,no,no,no,no,furnished,Rural,7227379.380485159
967,3,2,3,3,2021,no,no,yes,yes,no,unfurnished,Urban,12330804.906836586
4670,4,3,3,2,1996,no,yes,yes,yes,yes,furnished,Rural,17220815.787246186
503,5,2,1,2,2000,no,yes,no,no,no,unfurnished,Urban,8844003.644703878
1145,1,3,3,0,2017,yes,yes,no,no,yes,unfurnished,Urban,13629565.058552984
617,1,1,3,2,2012,no,yes,no,no,yes,semi-furnished,Rural,6500819.09017266
3428,1,1,3,1,2012,no,yes,no,yes,yes,semi-furnished,Urban,24343504.42376043
3051,1,2,3,2,2017,yes,yes,yes,yes,yes,furnished,Rural,12873889.715188988
4789,3,2,2,1,2015,yes,no,no,yes,yes,unfurnished,Urban,31647884.86110829
1346,4,2,1,2,2014,no,no,no,no,yes,unfurnished,Rural,7328208.3620438585
3262,2,3,1,3,2018,yes,yes,yes,no,no,furnished,Rural,12435339.629610548
1641,3,2,2,3,2008,yes,yes,yes,no,no,furnished,Rural,9746237.574059121
2310,3,1,3,0,2022,yes,no,yes,no,no,furnished,Urban,19115291.16320573
1223,2,3,2,2,2003,no,no,no,yes,no,semi-furnished,Rural,7666549.510143875
724,2,2,3,1,2003,yes,no,yes,yes,yes,furnished,Urban,12846364.326984597
4708,1,3,2,1,2019,no,yes,no,yes,yes,furnished,Urban,31345061.386391744
2548,3,3,1,2,2017,no,yes,yes,yes,no,unfurnished,Urban,19316068.094043605
4915,5,2,1,1,2006,no,no,yes,yes,no,furnished,Urban,31592404.09084041
2073,2,3,1,3,1992,no,yes,no,yes,no,unfurnished,Urban,16653053.408927144
2328,2,1,3,1,2005,yes,yes,yes,yes,no,unfurnished,Rural,9830926.528832076
2417,4,1,3,0,2019,no,yes,yes,yes,no,semi-furnished,Urban,19285268.5189418
4734,5,3,2,3,2018,yes,no,yes,no,no,furnished,Rural,16644530.091878226
2526,5,2,2,3,2004,no,no,yes,no,no,furnished,Rural,11728582.123307452
4244,2,3,1,3,2014,yes,yes,yes,yes,no,unfurnished,Urban,28605302.920757674
1401,1,1,3,2,2012,no,yes,no,no,yes,semi-furnished,Rural,8017131.381576491
2539,4,3,2,2,2014,yes,yes,no,yes,yes,semi-furnished,Rural,11819400.520308174
509,5,3,3,3,1996,no,yes,yes,yes,yes,furnished,Urban,13180076.92291792
760,2,1,3,2,2011,no,yes,no,no,yes,unfurnished,Rural,6659363.649400059
2173,5,3,1,1,2006,yes,no,no,yes,no,furnished,Urban,18811555.795419548
2719,4,3,1,2,2007,no,yes,no,yes,yes,furnished,Urban,21964801.00566964
2560,4,2,3,2,1999,no,yes,yes,yes,no,furnished,Urban,21344925.812151153
4213,3,2,3,3,1999,no,yes,yes,yes,yes,furnished,Rural,15824265.916365266
2119,2,1,3,0,1996,yes,no,yes,yes,no,unfurnished,Rural,8819869.858316015
820,4,1,3,0,2016,no,no,no,yes,no,semi-furnished,Rural,6601123.343802257
1842,3,1,1,0,2022,no,yes,no,yes,yes,furnished,Rural,8342080.440682857
2876,3,2,2,1,1990,yes,no,yes,no,yes,furnished,Urban,23065622.094492443
3332,5,1,1,2,2023,yes,no,yes,no,no,furnished,Urban,24208479.71313862
3324,5,1,2,0,1993,yes,no,no,yes,no,furnished,Rural,11888573.227301944
2494,3,1,3,3,2006,yes,no,no,no,no,semi-furnished,Urban,20269441.00268919
3458,5,2,2,0,1993,yes,no,yes,yes,yes,semi-furnished,Rural,13014895.684250422
2538,4,3,1,0,2015,no,no,no,yes,yes,semi-furnished,Urban,19750924.776836302
3990,1,1,1,2,1993,no,yes,no,yes,no,semi-furnished,Urban,25256202.0903886
4177,4,3,3,2,1990,no,no,no,yes,yes,furnished,Urban,30279844.457808252
1618,3,1,1,2,1996,yes,no,no,no,no,unfurnished,Urban,13870515.967885023
2104,3,3,3,1,2019,no,yes,no,no,yes,semi-furnished,Urban,18954350.53547241
4527,4,2,1,1,1998,yes,yes,no,no,yes,semi-furnished,Rural,14313323.051866516
735,5,2,1,0,1997,yes,yes,no,no,yes,furnished,Rural,6975428.805407505
2469,5,1,3,2,2013,no,yes,yes,yes,yes,furnished,Urban,21813079.379066523
4929,3,3,2,0,2008,yes,no,yes,no,yes,furnished,Rural,16011054.331407944
2408,2,2,1,3,2016,yes,no,no,yes,no,furnished,Urban,19205034.828044876
875,5,1,2,3,2021,no,no,no,yes,no,unfurnished,Urban,11095731.269963365
4030,4,1,1,2,2003,yes,no,no,no,yes,unfurnished,Urban,27212075.92004376
3135,5,2,1,2,2007,yes,yes,yes,yes,no,semi-furnished,Urban,23752722.404824402
2070,4,2,1,3,2017,no,no,yes,no,no,unfurnished,Rural,9011631.809719644
3060,3,1,1,2,2018,yes,no,no,no,yes,semi-furnished,Urban,22531833.507684793
3891,5,3,2,1,2005,yes,yes,yes,no,no,semi-furnished,Rural,14292079.00570998
3465,4,3,2,1,2020,no,no,no,no,yes,unfurnished,Urban,24729942.97225055
4143,3,3,1,2,1993,no,no,no,no,no,semi-furnished,Urban,27040374.76189294
4350,2,1,1,3,2006,no,no,no,yes,no,furnished,Rural,13286984.870356003
1372,4,2,2,0,2015,no,no,no,no,no,semi-furnished,Urban,12860937.818972312
1752,2,1,3,2,1993,yes,yes,no,no,no,furnished,Urban,16537829.516339073
1814,2,2,3,2,2019,yes,yes,no,yes,no,unfurnished,Rural,9249323.183730349
3398,1,3,2,0,2019,no,yes,no,no,no,unfurnished,Rural,10767270.498465598
577,5,3,1,2,2011,yes,yes,yes,no,no,semi-furnished,Rural,7458387.299293757
3121,4,2,1,0,2000,yes,yes,no,yes,yes,furnished,Urban,23783683.65925659
4727,2,2,3,3,1991,no,no,yes,yes,yes,semi-furnished,Urban,32223300.12147267
1100,1,1,3,1,2001,no,no,no,no,yes,unfurnished,Rural,6443178.56795679
1565,3,3,2,3,2019,yes,yes,no,yes,yes,semi-furnished,Rural,9825489.641249608
2636,4,1,3,1,2007,no,yes,yes,no,no,semi-furnished,Urban,20504731.231978714
2949,2,1,2,0,2015,no,yes,yes,yes,no,furnished,Urban,21223747.434965383
2843,5,1,3,1,1996,no,no,no,no,no,unfurnished,Rural,10723940.046698788
2363,1,3,3,3,1990,yes,yes,yes,no,yes,semi-furnished,Rural,11633076.606607486
1818,2,1,3,1,2015,no,no,no,no,yes,furnished,Rural,9019676.34208588
4097,5,1,1,0,2012,yes,no,no,yes,yes,semi-furnished,Rural,12937834.373793755
4262,2,1,1,1,2015,yes,no,yes,no,no,furnished,Urban,27673322.841845132
2690,4,1,1,2,1995,yes,no,yes,yes,yes,furnished,Urban,22049003.761672202
1492,4,1,3,3,1995,no,yes,yes,no,no,semi-furnished,Urban,15392118.279602509
3212,4,1,2,2,1997,no,no,yes,no,yes,unfurnished,Urban,23349316.16155651
2692,1,3,2,0,2013,no,no,no,no,no,unfurnished,Rural,8982959.120770702
1748,4,1,2,1,2011,no,yes,yes,no,yes,furnished,Urban,16771121.180996766
3554,5,2,2,2,2008,no,no,yes,no,no,unfurnished,Rural,12693006.745519998
4533,2,1,1,2,2007,yes,no,yes,yes,yes,furnished,Urban,30651983.262598522
2497,3,1,1,1,2020,yes,no,yes,yes,yes,unfurnished,Urban,19589264.20343666
4187,5,3,3,1,2019,yes,yes,yes,yes,no,semi-furnished,Urban,30246487.791201226
2651,5,3,3,3,2022,no,no,no,no,no,unfurnished,Rural,11647651.237317469
4518,4,2,2,2,1999,yes,no,no,no,yes,furnished,Urban,31408811.58239752
3610,1,2,1,2,2001,yes,yes,yes,yes,no,furnished,Rural,12336994.437004313
2470,2,3,2,0,2019,no,yes,yes,no,yes,unfurnished,Rural,10141340.118446846
697,1,3,3,3,2016,no,no,no,no,no,semi-furnished,Urban,10687995.895420725
3126,2,1,3,0,1998,yes,no,yes,no,yes,furnished,Rural,11795957.64232172
1702,2,3,2,2,2010,yes,yes,no,yes,no,furnished,Urban,16709563.25120512
2535,1,2,3,0,2001,no,no,no,yes,yes,furnished,Rural,10305760.19200341
977,5,1,2,2,2018,no,yes,yes,yes,yes,furnished,Urban,13784238.097674996
1754,2,2,1,2,2022,no,no,no,yes,yes,furnished,Rural,8589965.194168454
1422,1,1,2,0,2004,no,yes,yes,yes,no,semi-furnished,Rural,7097935.952540151
919,2,3,1,0,1991,yes,no,yes,no,yes,unfurnished,Urban,11735433.138274865
2704,3,2,1,1,2007,yes,yes,no,no,no,semi-furnished,Urban,20110291.013136856
3097,5,1,3,1,1992,no,yes,no,no,no,semi-furnished,Urban,22748098.355799817
1620,4,1,3,1,1996,yes,yes,yes,no,no,furnished,Urban,16632333.437329166
3568,2,3,3,2,2007,yes,yes,no,yes,yes,semi-furnished,Rural,13856195.779065786
1450,3,3,2,0,2022,no,yes,yes,yes,no,furnished,Rural,8894229.53309001
2836,4,3,2,3,2020,yes,no,no,no,no,semi-furnished,Rural,11787918.646975733
2743,4,2,3,2,2000,yes,no,no,yes,no,furnished,Rural,12100412.578893466
3145,2,1,2,3,1993,yes,yes,yes,no,yes,furnished,Urban,24597928.417746287
2357,1,3,3,0,2007,no,no,yes,no,no,semi-furnished,Rural,9775254.173313636
2365,2,2,2,2,1993,no,no,yes,no,no,semi-furnished,Urban,18275154.65198348
3412,3,2,1,3,2023,yes,no,no,no,no,unfurnished,Rural,11177356.84441032
3353,4,2,1,3,2018,no,no,yes,yes,no,unfurnished,Urban,23355594.85622275
3728,2,3,3,1,2013,no,no,yes,no,yes,unfurnished,Urban,26422365.75505022
4219,1,3,2,1,2011,no,no,no,yes,yes,semi-furnished,Urban,28163963.312669873
3728,2,1,2,1,1991,yes,yes,no,no,no,semi-furnished,Urban,25105260.926263243
2871,5,1,1,2,1995,yes,no,yes,no,no,furnished,Urban,21969594.001305815
3391,1,3,1,0,2014,no,no,yes,no,no,unfurnished,Rural,10350880.372358715
4256,3,2,3,0,2010,yes,no,yes,no,no,furnished,Urban,29279454.215946328
4725,4,2,1,1,2005,yes,yes,yes,yes,yes,furnished,Rural,15646183.459997961
594,2,2,3,1,2020,yes,no,no,no,yes,furnished,Rural,7041255.665364332
3174,1,1,1,1,2003,yes,no,no,yes,yes,furnished,Urban,22758846.509410463
2455,5,2,1,3,2017,yes,no,yes,no,yes,unfurnished,Rural,10769516.817030469
1293,1,1,2,1,2021,no,yes,yes,no,no,furnished,Rural,7337873.055175449
2334,5,1,1,3,2017,yes,no,yes,no,no,semi-furnished,Rural,10116398.687213717
2616,3,2,1,0,1998,yes,yes,no,yes,yes,semi-furnished,Urban,20626793.441460993
4606,4,2,3,2,2011,yes,no,yes,no,yes,semi-furnished,Urban,32551836.627778243
3825,3,3,1,2,2021,no,yes,yes,no,no,unfurnished,Urban,25645060.35817415
3419,2,3,3,2,1994,no,yes,no,no,no,furnished,Urban,24907237.51633424
3097,1,2,1,2,2012,no,yes,no,no,no,unfurnished,Rural,9773155.735997375
3705,5,1,1,3,1994,yes,no,yes,no,no,furnished,Rural,13214184.969930775
1314,5,1,3,3,2021,no,yes,yes,yes,no,unfurnished,Rural,9138779.984185293
845,1,1,2,1,1999,no,yes,no,yes,yes,unfurnished,Rural,5821658.430165803
2849,1,1,3,3,2004,no,yes,yes,no,yes,furnished,Rural,12003012.824352259
862,2,1,3,1,1996,no,yes,yes,no,no,unfurnished,Rural,6629258.069048621
2943,3,3,3,1,2018,yes,no,no,yes,no,furnished,Urban,23154509.390147105
2765,5,2,2,2,1992,no,no,no,no,yes,semi-furnished,Rural,11467723.784988536
2688,2,3,1,3,2008,no,no,no,yes,no,semi-furnished,Rural,10273937.814668048
3505,3,1,3,3,1999,yes,no,yes,no,yes,semi-furnished,Rural,13410107.314106327
3781,2,1,3,1,2017,yes,yes,no,no,yes,unfurnished,Urban,26564371.21088446
1484,5,1,2,1,2018,no,no,no,yes,yes,semi-furnished,Rural,8418967.163362434
2139,1,1,3,0,2004,yes,yes,yes,no,yes,furnished,Rural,9910642.076716058
1327,1,2,1,0,1995,no,no,yes,yes,no,semi-furnished,Urban,11876681.869840184
3230,3,1,2,1,2001,yes,no,no,yes,no,semi-furnished,Rural,11068462.270240948
4031,4,2,1,0,2002,yes,no,no,yes,yes,unfurnished,Urban,27238755.25926799
4951,3,1,1,0,2018,no,yes,yes,no,no,furnished,Urban,30651671.922572777
3435,4,2,2,1,2008,yes,no,yes,yes,no,unfurnished,Rural,12191673.282502782
4376,2,3,3,1,1992,no,no,no,yes,no,unfurnished,Rural,13751721.191354012
626,2,1,1,3,1997,yes,no,no,no,no,furnished,Urban,9773646.643378774
3677,5,2,1,1,1997,no,yes,yes,no,yes,unfurnished,Rural,12775309.640734153
3556,4,3,1,1,2009,yes,no,no,no,no,furnished,Rural,12436016.752347674
1103,5,1,1,2,1993,yes,no,yes,no,yes,semi-furnished,Urban,13700953.668789612
3949,1,1,2,3,2010,yes,yes,no,no,yes,furnished,Urban,27936938.237266038
4646,4,1,2,3,1992,yes,yes,yes,no,no,furnished,Rural,15727377.11754671
4033,3,2,1,3,1997,yes,no,yes,yes,yes,furnished,Urban,29052085.566834245
3867,1,2,3,2,2012,no,no,no,no,no,unfurnished,Rural,12277433.76356696
3868,1,3,1,1,2005,yes,no,no,yes,no,furnished,Rural,12327292.964143489
4297,3,2,3,3,2002,no,yes,yes,no,yes,furnished,Rural,15979709.173331216
2292,1,2,1,3,1992,no,yes,no,yes,no,furnished,Rural,9568329.806801109
3361,4,1,3,0,1998,no,yes,no,yes,yes,semi-furnished,Urban,24588491.516602952
3976,5,1,1,3,2003,yes,no,no,no,yes,furnished,Rural,13747948.80816306
3917,1,1,3,1,2002,no,yes,yes,no,no,unfurnished,Urban,25583881.55690608
2145,4,1,1,1,1996,yes,no,no,yes,no,furnished,Rural,8989551.683711814
1705,2,1,1,0,2004,no,yes,no,no,no,furnished,Rural,7062628.547746967
3530,4,1,3,3,1996,no,yes,yes,no,yes,semi-furnished,Urban,26495636.965786282
3372,5,1,2,3,2023,no,yes,no,yes,no,furnished,Rural,13106487.878577398
3572,4,3,3,3,2011,no,no,no,yes,yes,unfurnished,Urban,26714489.35071021
2354,3,3,2,2,2013,no,no,yes,yes,yes,furnished,Urban,20623626.035708863
4521,5,3,1,3,1990,yes,no,yes,no,no,unfurnished,Rural,14838531.081652984
3208,2,3,3,1,1999,no,no,no,no,no,semi-furnished,Rural,11810600.588499485
4002,3,1,3,1,2005,no,yes,no,no,no,furnished,Rural,13502876.551166272
1832,4,3,3,2,1997,yes,no,yes,no,yes,semi-furnished,Rural,10907143.808694987
701,5,1,2,2,2014,yes,yes,yes,yes,no,furnished,Urban,12135568.89927325
4007,2,3,2,3,2001,yes,no,no,no,yes,unfurnished,Rural,13502513.233425107
4712,3,2,1,0,2014,no,no,no,yes,no,semi-furnished,Rural,13316208.947221309
1074,2,3,2,2,2006,no,yes,no,no,no,furnished,Rural,7844725.623098919
1036,4,3,2,2,2015,no,yes,yes,no,yes,unfurnished,Rural,8305725.051600216
2125,2,1,1,3,2003,no,no,no,yes,yes,semi-furnished,Rural,8785194.046391213
2622,1,3,3,3,2012,no,no,yes,no,no,furnished,Urban,21061430.515565168
885,3,2,3,2,1995,no,yes,yes,no,no,semi-furnished,Rural,7932807.030543854
3781,2,1,1,0,1994,yes,yes,yes,yes,no,furnished,Urban,25447632.924183935
974,4,1,3,2,2014,yes,yes,no,no,no,unfurnished,Rural,7409552.918755304
917,4,3,2,3,2007,no,yes,no,yes,no,unfurnished,Rural,7858774.9334570095
4100,2,1,1,3,2002,no,yes,no,yes,yes,semi-furnished,Rural,12970169.832254583
1454,4,1,1,2,2003,no,no,yes,yes,yes,semi-furnished,Urban,14563296.737518182
1705,5,1,1,0,2017,no,no,no,yes,yes,furnished,Rural,8256326.962764865
4620,5,1,3,2,2007,no,no,yes,no,yes,unfurnished,Urban,31398964.320275072
2490,5,1,1,2,2017,yes,no,yes,no,no,furnished,Urban,20053659.93140814
4072,1,1,1,3,2016,yes,yes,yes,no,yes,unfurnished,Rural,12701485.766461331
4880,2,2,1,0,2021,no,yes,yes,yes,yes,semi-furnished,Urban,31224658.49171194
4658,1,3,3,1,1998,yes,yes,yes,no,yes,furnished,Rural,16013905.997251747
3213,4,2,2,0,2021,no,no,yes,no,no,furnished,Rural,11821316.883755537
2703,1,1,1,2,2009,no,yes,no,no,yes,unfurnished,Urban,19178737.81616811
3620,4,1,2,2,2017,no,yes,yes,no,no,unfurnished,Rural,12317476.842455814
1466,4,3,3,2,2022,yes,no,no,yes,yes,unfurnished,Rural,9481609.883420074
3932,3,2,3,0,1993,yes,no,yes,yes,no,semi-furnished,Urban,27404156.701403353
1188,5,3,3,3,2023,no,no,no,no,yes,furnished,Urban,15744318.770877568
4743,4,2,3,2,1992,yes,yes,no,yes,no,unfurnished,Urban,31928945.618254095
4201,3,1,2,2,2015,yes,yes,no,no,yes,semi-furnished,Urban,29178285.862085205
841,5,3,1,0,1997,no,no,no,no,no,unfurnished,Urban,9965296.8871482
2224,4,3,3,1,1995,yes,no,yes,no,no,furnished,Urban,20057419.82037676
4922,4,1,3,1,2005,yes,yes,yes,yes,yes,unfurnished,Rural,15995111.089452058
2292,1,3,2,3,2013,no,no,yes,no,no,furnished,Urban,18738896.405745514
2259,1,2,2,3,2019,no,yes,yes,yes,no,semi-furnished,Urban,18296824.996591307
3712,5,2,3,2,2002,yes,no,no,yes,yes,semi-furnished,Rural,14316453.169157801
1489,4,2,1,0,1994,no,no,no,no,yes,unfurnished,Rural,6939340.4515756685
2762,2,2,1,2,2014,yes,no,no,yes,no,furnished,Urban,20714385.75046589
2982,1,1,3,3,2009,no,yes,yes,yes,yes,furnished,Urban,23518769.306227
1451,5,3,2,0,2007,no,yes,no,no,yes,furnished,Rural,9337113.82137758
1222,4,2,3,0,2007,no,no,yes,yes,yes,unfurnished,Urban,14083521.615150627
3889,4,1,3,3,1991,no,yes,no,yes,no,furnished,Urban,27526805.310524553
2579,2,3,2,1,1999,yes,no,no,no,no,furnished,Rural,10518774.029681731
3217,5,3,3,1,2001,no,no,no,no,no,furnished,Urban,24188296.8796714
2832,4,1,3,0,2002,no,yes,no,yes,no,furnished,Rural,11287634.050629111
3876,1,1,3,2,2000,no,yes,no,no,no,unfurnished,Urban,25369163.540519793
2000,2,2,2,1,2008,yes,yes,yes,no,no,unfurnished,Rural,8913626.822094984
785,5,3,1,2,2015,yes,yes,no,yes,no,furnished,Rural,8000954.823902577
3995,2,3,1,1,2003,no,no,yes,yes,yes,furnished,Rural,13494489.248220956
2565,1,1,2,1,2013,no,yes,yes,no,no,semi-furnished,Urban,18611429.746991776
1268,5,3,1,2,1990,no,yes,yes,yes,no,semi-furnished,Rural,8712802.60152578
3557,2,2,3,3,2011,no,no,yes,no,yes,furnished,Urban,26645535.062657375
4789,3,3,1,1,2012,no,no,yes,no,yes,furnished,Rural,15177136.338097591
2661,1,1,3,1,2008,no,no,yes,yes,yes,semi-furnished,Rural,10605696.989862239
3793,1,1,1,2,2007,yes,no,yes,yes,no,semi-furnished,Rural,11687743.120766459
1446,1,2,2,3,2001,no,yes,yes,no,yes,furnished,Urban,15409382.66532883
3835,3,2,1,1,2017,no,yes,no,no,no,unfurnished,Urban,24544934.976774413
4650,3,3,1,1,2017,no,no,no,no,no,unfurnished,Rural,13262814.195735276
1981,4,3,1,3,2022,no,no,yes,no,no,furnished,Urban,17530707.2913203
2401,2,1,2,1,2008,no,yes,yes,yes,yes,furnished,Urban,19640275.3322571
3951,4,2,1,3,2017,no,yes,yes,no,yes,semi-furnished,Urban,27814083.125833187
4564,2,2,2,3,2015,yes,yes,no,yes,no,semi-furnished,Rural,14794224.131292054
554,3,2,3,2,2023,yes,yes,no,yes,no,unfurnished,Urban,10622272.534458777
2323,3,3,1,0,2005,yes,yes,yes,no,no,furnished,Rural,10089135.2460995
3962,4,2,2,3,2002,yes,no,yes,yes,yes,semi-furnished,Rural,14520849.409424959
3579,5,1,2,2,2012,yes,no,no,yes,no,unfurnished,Rural,12330504.352108788
1332,4,1,1,0,2011,yes,no,no,no,yes,unfurnished,Urban,13096488.408048622
4908,2,3,3,1,2005,no,no,yes,yes,no,unfurnished,Rural,15272180.312826263
3306,4,3,2,0,2017,no,yes,yes,yes,yes,semi-furnished,Urban,24964017.128899317
2990,1,2,1,3,1997,no,no,yes,no,no,semi-furnished,Urban,20863520.4067104
827,2,3,3,3,2011,no,yes,yes,no,yes,furnished,Rural,9098749.37180474
3810,2,1,2,3,2010,no,yes,no,no,yes,furnished,Rural,13156086.86853712
3800,5,2,2,3,2015,no,yes,no,no,yes,unfurnished,Rural,13685659.729533322
4175,3,1,3,3,2010,yes,yes,yes,no,yes,unfurnished,Urban,29844146.08953948
3554,2,2,3,2,2014,no,yes,yes,no,yes,semi-furnished,Urban,26114490.56009238
2643,3,3,1,3,1990,yes,yes,yes,no,yes,semi-furnished,Rural,11615794.87292602
1811,4,2,1,2,1995,yes,yes,no,yes,no,furnished,Rural,9369152.572330339
3691,1,2,2,1,2012,no,no,yes,yes,no,furnished,Urban,24938156.689747974
3038,5,1,3,3,2012,no,yes,yes,no,no,furnished,Urban,23866135.56496481
4483,3,1,3,3,2012,no,no,yes,yes,no,semi-furnished,Rural,14926714.988956083
664,2,2,3,0,2021,no,no,no,yes,yes,unfurnished,Urban,10294923.366206853
4777,3,3,2,1,2019,no,yes,yes,no,no,furnished,Urban,31513111.952987913
1322,2,3,3,3,2002,no,yes,no,yes,yes,furnished,Urban,15848821.64072625
1443,3,1,3,3,2007,no,no,yes,no,yes,semi-furnished,Urban,15614076.213354133
4925,2,3,2,1,2012,yes,no,yes,yes,yes,furnished,Urban,33602776.12334045
1274,4,1,1,2,2004,no,no,yes,no,no,unfurnished,Urban,12130255.886980722
2698,2,3,1,3,2022,no,no,no,yes,yes,semi-furnished,Rural,10703282.456096482
3656,2,2,2,0,2010,yes,yes,yes,yes,no,furnished,Urban,25898722.06122259
4742,1,1,3,3,2012,no,yes,yes,yes,no,furnished,Rural,15629060.339024615
4195,2,1,2,0,2016,no,yes,no,no,no,semi-furnished,Rural,12332292.55922345
3952,1,2,1,0,2007,yes,no,no,yes,no,semi-furnished,Urban,25342892.671843827
1414,5,1,1,3,2013,no,yes,no,yes,no,furnished,Rural,8554583.27979693
1808,1,3,2,3,1996,no,no,yes,no,yes,unfurnished,Rural,9038829.992434924
4677,4,3,2,0,2009,no,yes,no,no,yes,semi-furnished,Rural,15064678.059984462
1013,1,1,1,1,2016,no,no,yes,yes,no,unfurnished,Urban,9754834.173308514
2420,5,3,2,1,1995,no,yes,no,yes,yes,furnished,Rural,11750578.241659712
4094,4,1,1,3,2016,no,yes,no,yes,no,unfurnished,Urban,26668377.037309792
1909,3,2,2,2,1998,yes,no,no,yes,yes,furnished,Rural,9903248.632394291
3690,3,1,2,1,2020,no,no,yes,no,yes,furnished,Rural,12840329.370990211
4991,1,2,2,3,2010,no,no,yes,yes,yes,furnished,Rural,15951018.178804176
2055,1,3,1,1,2015,yes,no,yes,yes,yes,furnished,Rural,9465934.266883863
1304,5,2,2,2,2002,yes,no,yes,no,yes,unfurnished,Urban,15483819.96725565
1779,5,3,1,3,2012,no,yes,yes,yes,yes,furnished,Rural,10885001.209849462
4077,2,1,1,2,2009,yes,no,yes,yes,yes,furnished,Rural,13382375.673064481
3401,5,3,2,3,2017,no,yes,yes,yes,yes,unfurnished,Urban,26234761.38859171
1887,2,1,2,2,2006,no,yes,yes,no,yes,semi-furnished,Urban,16905364.98532673
3261,4,1,1,1,2017,yes,yes,yes,no,yes,unfurnished,Urban,23825390.500730887
3179,1,2,1,1,1991,no,yes,no,yes,yes,unfurnished,Rural,10298811.093627859
2606,4,2,3,2,2014,no,yes,no,yes,yes,unfurnished,Urban,21377071.586087175
4723,5,2,1,2,1995,yes,no,yes,no,yes,furnished,Urban,32664196.17686222
3268,4,2,3,2,2000,yes,no,yes,yes,no,furnished,Urban,25428161.972098123
